product_tmpl_id,template_name,variant_count,duplicated_attributes,sample_variant_values
__import__.product_template_ar,ARETES P/DAMA V. MODELOS,9,Tallax2,"Talla: 15,Talla: 15"
__import__.product_template_ft11389_p1335,BLUSA,9,Tallax2,"Talla: S,Talla: S"
__import__.product_template_ft9708,BLUSA (ft9708),9,Tallax2,"Talla: S,Talla: S"
__import__.product_template_bl_cot_3but_blu,BLUSA 3 BUTTONS COTTON BLUE,9,Tallax2,"Talla: S,Talla: S"
__import__.product_template_bl_cot_3but_ol,BLUSA 3 BUTTONS COTTON OLIVE,9,Tallax2,"Talla: S,Talla: S"
__import__.product_template_bl_ariana_est,BLUSA ARIANA EST AZUL T. S-M-L,9,Tallax2,"Talla: S,Talla: S"
__import__.product_template_bl_butt_wh,BLUSA BUTTERFLY WHITE,9,Tallax2,"Talla: M,Talla: M"
__import__.product_template_bl_dafne_az_ro,BLUSA DAFNE P/DAMA AZUL ROSA,9,Tallax2,"Talla: S,Talla: S"
__import__.product_template_bl_luna_azn,BLUSA LUNA AZUL,9,Tallax2,"Talla: S,Talla: S"
__import__.product_template_bl_luna_cl,BLUSA LUNA CELESTE,9,Tallax2,"Talla: S,Talla: S"
__import__.product_template_bl_encanto_wh,BLUSA NARANJA-ROSA 2025 BLANCO,9,Tallax2,"Talla: S,Talla: S"
__import__.product_template_bl_encanto_ter,BLUSA NARANJA-ROSA 2025 TERRACOTA,9,Tallax2,"Talla: S,Talla: S"
__import__.product_template_bl_clarisse,BLUSA NUDE-BLACK-WHITE,9,Tallax2,"Talla: S,Talla: S"
__import__.product_template_bl_org_blu,BLUSA ORGANZA SATIN BLUE,9,Tallax2,"Talla: S,Talla: S"
__import__.product_template_bl_org_moc,BLUSA ORGANZA SATIN MOCHA,9,Tallax2,"Talla: S,Talla: S"
__import__.product_template_bl_org_wh,BLUSA ORGANZA SATIN WHITE,9,Tallax2,"Talla: S,Talla: S"
__import__.product_template_blus_brigida,BLUSA P/DAMA MOPA BLANCA,9,Tallax2,"Talla: S,Talla: S"
__import__.product_template_blusa_hanna_ne,BLUSA P/DAMA MOPPA NEGRA,16,Tallax2,"Talla: S,Talla: S"
__import__.product_template_blusa_hanna_ro,BLUSA P/DAMA MOPPA ROJA,16,Tallax2,"Talla: S,Talla: S"
__import__.product_template_bl_rive_cel,BLUSA RIVERA CELESTE,9,Tallax2,"Talla: M,Talla: M"
__import__.product_template_bl_rive_wh,BLUSA RIVERA WHITE,9,Tallax2,"Talla: M,Talla: M"
__import__.product_template_bl_satin_lgr,BLUSA SATIN CIEN L/GRAY,9,Tallax2,"Talla: S,Talla: S"
__import__.product_template_t1653,BLUSA TWIST FRONT SATIN ROJO,9,Tallax2,"Talla: S,Talla: S"
__import__.product_template_bl_vale_mok,BLUSA VALENTINE MOKA,9,Tallax2,"Talla: S,Talla: S"
__import__.product_template_bsut_ar,BODYSUITE ASH ROSE,9,Tallax2,"Talla: S,Talla: S"
__import__.product_template_bsut_sleves_ch,BODYSUITE CHARCOAL,9,Tallax2,"Talla: S,Talla: S"
__import__.product_template_bsut_sleves_lts,BODYSUITE LT SAGE,9,Tallax2,"Talla: S,Talla: S"
__import__.product_template_bsut_str_az,BODYSUITE STRETCH AZUL,4,Tallax2,"Talla: S,Talla: S"
__import__.product_template_bsut_str_vn,BODYSUITE STRETCH VINO,16,Tallax2,"Talla: XS,Talla: XS"
__import__.product_template_bsut_str_wh,BODYSUITE STRETCH WHITE,4,Tallax2,"Talla: S,Talla: S"
__import__.product_template_cam_andrea_azn_consig,CAMISA ANDREA AZUL MARINO,25,Tallax2,"Talla: XS,Talla: XS"
__import__.product_template_cam_andrea_az_no_consig,CAMISA ANDREA AZUL NOCHE,9,Tallax2,"Talla: S,Talla: S"
__import__.product_template_cam_andrea_wht_consig,CAMISA ANDREA WHITE,25,Tallax2,"Talla: XS,Talla: XS"
__import__.product_template_cam_roma_azul,CAMISA M/C DAMA ROMA AZUL,9,Tallax2,"Talla: S,Talla: S"
__import__.product_template_cam_roma_beige,CAMISA M/C DAMA ROMA BEIGE,4,Tallax2,"Talla: S,Talla: S"
__import__.product_template_cam_roma_blanco,CAMISA M/C DAMA ROMA BLANCO,4,Tallax2,"Talla: S,Talla: S"
__import__.product_template_cam_roma_black,CAMISA M/C DAMA ROMA NEGRO,4,Tallax2,"Talla: M,Talla: M"
__import__.product_template_cuwff020_112,CAMISA M/C P/H BRILLIANT WHITE CUBAVERA,16,Tallax2,"Talla: S,Talla: S"
__import__.product_template_cuwmf006_119,CAMISA M/C P/H EGRET CUBAVERA,16,Tallax2,"Talla: S,Talla: S"
__import__.product_template_cuwsf021_119,CAMISA M/C P/H EGRET CUBAVERA (cuwsf021_119),16,Tallax2,"Talla: S,Talla: S"
__import__.product_template_cam_m_l_firenze_azul,CAMISA M/L FIRENZE AZUL,16,Tallax2,"Talla: XS,Talla: XS"
__import__.product_template_cam_m_l_firenze_black,CAMISA M/L FIRENZE BLACK,9,Tallax2,"Talla: S,Talla: S"
__import__.product_template_cam_m_l_firenze_cl,CAMISA M/L FIRENZE CELESTE,16,Tallax2,"Talla: XS,Talla: XS"
__import__.product_template_cuwsp501_485s,CAMISA P/H M/C AQCUA CUBAVERA,16,Tallax2,"Talla: S,Talla: S"
__import__.product_template_cuwf2109_118,CAMISA P/H M/C BRIGHT WHITE CUBAVERA,25,Tallax2,"Talla: S,Talla: S"
__import__.product_template_cuwfd040_112,CAMISA P/H M/C BRILLIANT WHITE CUBAVERA,16,Tallax2,"Talla: S,Talla: S"
__import__.product_template_cuwfd040_457,CAMISA P/H M/C CLEAR SKY CUBAVERA,16,Tallax2,"Talla: S,Talla: S"
__import__.product_template_cuwmd027_415,CAMISA P/H M/C DARK BLUE CUBAVERA,16,Tallax2,"Talla: S,Talla: S"
__import__.product_template_cuwhe007_450,CAMISA P/H M/C DREAM BLUE CUBAVERA,16,Tallax2,"Talla: S,Talla: S"
__import__.product_template_lbpc_c03_232s_iv,CAMISA P/H M/C IVORY LONG BEACH,9,Tallax2,"Talla: S,Talla: S"
__import__.product_template_cuwsp501_475l,CAMISA P/H M/C LT. BLUE CUBAVERA,16,Tallax2,"Talla: S,Talla: S"
__import__.product_template_lbpc_c03_232s_nv,CAMISA P/H M/C NAVY LONG BEACH,9,Tallax2,"Talla: S,Talla: S"
__import__.product_template_cuwsp501_100s,CAMISA P/H M/C WHITE CUBAVERA,16,Tallax2,"Talla: S,Talla: S"
__import__.product_template_lbpc_b03_102s_wh,CAMISA P/H M/C WHITE LONG BEACH,9,Tallax2,"Talla: S,Talla: S"
__import__.product_template_cuwf2111_118,CAMISA P/H M/L BRIGHT WHITE CUBAVERA,25,Tallax2,"Talla: S,Talla: S"
__import__.product_template_cuwbp0035_454,CAMISA P/H M/L CASHEMERE BLUE CUBAVERA,9,Tallax2,"Talla: S,Talla: S"
__import__.product_template_lbpc_d04_207s_dkol,CAMISA P/H M/L DK. OLIVE LONG BEACH,16,Tallax2,"Talla: S,Talla: S"
__import__.product_template_lbpc_d04_213s_nv,CAMISA P/H M/L NAVY LONG BEACH,16,Tallax2,"Talla: S,Talla: S"
__import__.product_template_cuwsf025_477,CAMISA P/H M/L PARISIAN BLUE CUBAVERA,16,Tallax2,"Talla: S,Talla: S"
__import__.product_template_lbpc_d04_216s_wh,CAMISA P/H M/L WHITE LONG BEACH,4,Tallax2,"Talla: M,Talla: M"
__import__.product_template_lbpc_d04_217s_wh,CAMISA P/H M/L WHITE LONG BEACH (lbpc_d04_217s_wh),9,Tallax2,"Talla: M,Talla: M"
__import__.product_template_cha_milano_azul,CHALECO MILANO AZUL,9,Tallax2,"Talla: XS,Talla: XS"
__import__.product_template_cha_milano_beige,CHALECO MILANO BEIGE,25,Tallax2,"Talla: XS,Talla: XS"
__import__.product_template_cha_milano_blanco,CHALECO MILANO BLANCO,9,Tallax2,"Talla: S,Talla: S"
__import__.product_template_cha_milano_pr,CHALECO MILANO PRINT,16,Tallax2,"Talla: XS,Talla: XS"
__import__.product_template_set_julia,CONJUNTO / VESTIR,9,Tallax2,"Talla: S,Talla: S"
__import__.product_template_cj_alana_crm,CONJUNTO ALANA CREMA,9,Tallax2,"Talla: S,Talla: S"
__import__.product_template_set_carlota_consig,CONJUNTO ESTAMPADO ROJO,4,Tallax2,"Talla: S,Talla: S"
__import__.product_template_cj_paula_crm,CONJUNTO PAULA CREMA,9,Tallax2,"Talla: S,Talla: S"
__import__.product_template_cj_pia_skb,CONJUNTO PIA SKY BLUE MOPA,4,Tallax2,"Talla: S,Talla: S"
__import__.product_template_11303,Camisa 11303,196,"Tallax2, Manga de Camisax2","Talla: 14.5,Talla: 14.5,Manga de Camisa: S1 - 32/33,Manga de Camisa: S1 - 32/33"
__import__.product_template_11304,Camisa 11304,196,"Tallax2, Manga de Camisax2","Talla: 14.5,Talla: 14.5,Manga de Camisa: S1 - 32/33,Manga de Camisa: S1 - 32/33"
__import__.product_template_11704,Camisa 11704,196,"Tallax2, Manga de Camisax2","Talla: 14.5,Talla: 14.5,Manga de Camisa: S1 - 32/33,Manga de Camisa: S1 - 32/33"
__import__.product_template_1509,Camisa 1509,196,"Tallax2, Manga de Camisax2","Talla: 14.5,Talla: 14.5,Manga de Camisa: S1 - 32/33,Manga de Camisa: S1 - 32/33"
__import__.product_template_16301,Camisa 16301,100,"Tallax2, Manga de Camisax2","Talla: 15.5,Talla: 15.5,Manga de Camisa: S1 - 32/33,Manga de Camisa: S1 - 32/33"
__import__.product_template_16318,Camisa 16318,16,"Tallax2, Manga de Camisax2","Talla: 15.5,Talla: 15.5,Manga de Camisa: S1 - 32/33,Manga de Camisa: S1 - 32/33"
__import__.product_template_16701,Camisa 16701,196,"Tallax2, Manga de Camisax2","Talla: 14.5,Talla: 14.5,Manga de Camisa: S1 - 32/33,Manga de Camisa: S1 - 32/33"
__import__.product_template_17601,Camisa 17601,100,"Tallax2, Manga de Camisax2","Talla: 14.5,Talla: 14.5,Manga de Camisa: S1 - 32/33,Manga de Camisa: S1 - 32/33"
__import__.product_template_18001,Camisa 18001,196,"Tallax2, Manga de Camisax2","Talla: 14.5,Talla: 14.5,Manga de Camisa: S1 - 32/33,Manga de Camisa: S1 - 32/33"
__import__.product_template_200,Camisa 200,144,"Tallax2, Manga de Camisax2","Talla: 14.5,Talla: 14.5,Manga de Camisa: S1 - 32/33,Manga de Camisa: S1 - 32/33"
__import__.product_template_30201,Camisa 30201,100,"Tallax2, Manga de Camisax2","Talla: 15.5,Talla: 15.5,Manga de Camisa: S1 - 32/33,Manga de Camisa: S1 - 32/33"
__import__.product_template_5010,Camisa 5010,144,"Tallax2, Manga de Camisax2","Talla: 15,Talla: 15,Manga de Camisa: S1 - 32/33,Manga de Camisa: S1 - 32/33"
__import__.product_template_5011,Camisa 5011,144,"Tallax2, Manga de Camisax2","Talla: 14.5,Talla: 14.5,Manga de Camisa: S1 - 32/33,Manga de Camisa: S1 - 32/33"
__import__.product_template_5207,Camisa 5207,64,"Tallax2, Manga de Camisax2","Talla: 14.5,Talla: 14.5,Manga de Camisa: S1 - 32/33,Manga de Camisa: S1 - 32/33"
__import__.product_template_5252,Camisa 5252,16,"Tallax2, Manga de Camisax2","Talla: 14.5,Talla: 14.5,Manga de Camisa: S1 - 32/33,Manga de Camisa: S1 - 32/33"
__import__.product_template_5305,Camisa 5305,36,"Tallax2, Manga de Camisax2","Talla: 14.5,Talla: 14.5,Manga de Camisa: S1 - 32/33,Manga de Camisa: S1 - 32/33"
__import__.product_template_6901,Camisa 6901,16,"Tallax2, Manga de Camisax2","Talla: 14.5,Talla: 14.5,Manga de Camisa: S1 - 32/33,Manga de Camisa: S1 - 32/33"
__import__.product_template_8500,Camisa 8500,100,"Tallax2, Manga de Camisax2","Talla: 15.5,Talla: 15.5,Manga de Camisa: S1 - 32/33,Manga de Camisa: S1 - 32/33"
__import__.product_template_8502,Camisa 8502,196,"Tallax2, Manga de Camisax2","Talla: 14.5,Talla: 14.5,Manga de Camisa: S1 - 32/33,Manga de Camisa: S1 - 32/33"
__import__.product_template_ch_25b231291_1,Chaleco CH-25B231291-1,49,Tallax2,"Talla: 46,Talla: 46"
__import__.product_template_ch_25c0905_101,Chaleco CH-25C0905-101,49,Tallax2,"Talla: 46,Talla: 46"
__import__.product_template_ch_25c0905_25,Chaleco CH-25C0905-25,25,Tallax2,"Talla: 46,Talla: 46"
__import__.product_template_ch_25c29118_13,Chaleco CH-25C29118-13,49,Tallax2,"Talla: 46,Talla: 46"
__import__.product_template_ch_25c29375_56,Chaleco CH-25C29375-56,49,Tallax2,"Talla: 46,Talla: 46"
__import__.product_template_ch_25c35289_93,Chaleco CH-25C35289-93,49,Tallax2,"Talla: 46,Talla: 46"
__import__.product_template_0050_23,Corbata #0050/23,4,Ancho Corbatax2,"Ancho Corbata: 7 cm,Ancho Corbata: 7 cm"
__import__.product_template_bw3497_18,Corbata BW3497/18,4,Ancho Corbatax2,"Ancho Corbata: 7 cm,Ancho Corbata: 7 cm"
__import__.product_template_bw3966_10,Corbata BW3966/10,4,Ancho Corbatax2,"Ancho Corbata: 7 cm,Ancho Corbata: 7 cm"
__import__.product_template_bw3966_17,Corbata BW3966/17,4,Ancho Corbatax2,"Ancho Corbata: 7 cm,Ancho Corbata: 7 cm"
__import__.product_template_bw4624_618,Corbata BW4624/618,4,Ancho Corbatax2,"Ancho Corbata: 7 cm,Ancho Corbata: 7 cm"
__import__.product_template_bw4624_626,Corbata BW4624/626,4,Ancho Corbatax2,"Ancho Corbata: 7 cm,Ancho Corbata: 7 cm"
__import__.product_template_bw4624_641,Corbata BW4624/641,4,Ancho Corbatax2,"Ancho Corbata: 7 cm,Ancho Corbata: 7 cm"
__import__.product_template_bw4624_647,Corbata BW4624/647,4,Ancho Corbatax2,"Ancho Corbata: 7 cm,Ancho Corbata: 7 cm"
__import__.product_template_bw4624_648,Corbata BW4624/648,4,Ancho Corbatax2,"Ancho Corbata: 7 cm,Ancho Corbata: 7 cm"
__import__.product_template_h0145_19,Corbata H0145/19,4,Ancho Corbatax2,"Ancho Corbata: 7 cm,Ancho Corbata: 7 cm"
__import__.product_template_h0145_25,Corbata H0145/25,4,Ancho Corbatax2,"Ancho Corbata: 7 cm,Ancho Corbata: 7 cm"
__import__.product_template_h0145_29,Corbata H0145/29,4,Ancho Corbatax2,"Ancho Corbata: 7 cm,Ancho Corbata: 7 cm"
__import__.product_template_k178_14,Corbata K178/14,4,Ancho Corbatax2,"Ancho Corbata: 7 cm,Ancho Corbata: 7 cm"
__import__.product_template_k178_16,Corbata K178/16,4,Ancho Corbatax2,"Ancho Corbata: 7 cm,Ancho Corbata: 7 cm"
__import__.product_template_k178_4,Corbata K178/4,4,Ancho Corbatax2,"Ancho Corbata: 7 cm,Ancho Corbata: 7 cm"
__import__.product_template_k178_8,Corbata K178/8,4,Ancho Corbatax2,"Ancho Corbata: 7 cm,Ancho Corbata: 7 cm"
__import__.product_template_mf_10845_606,Corbata MF-10845/606,4,Ancho Corbatax2,"Ancho Corbata: 7 cm,Ancho Corbata: 7 cm"
__import__.product_template_mf_10845_608,Corbata MF-10845/608,4,Ancho Corbatax2,"Ancho Corbata: 7 cm,Ancho Corbata: 7 cm"
__import__.product_template_mf_10845_609,Corbata MF-10845/609,4,Ancho Corbatax2,"Ancho Corbata: 7 cm,Ancho Corbata: 7 cm"
__import__.product_template_mf_10845_614,Corbata MF-10845/614,4,Ancho Corbatax2,"Ancho Corbata: 7 cm,Ancho Corbata: 7 cm"
__import__.product_template_mf_10845_620,Corbata MF-10845/620,4,Ancho Corbatax2,"Ancho Corbata: 7 cm,Ancho Corbata: 7 cm"
__import__.product_template_mf_10845_621,Corbata MF-10845/621,4,Ancho Corbatax2,"Ancho Corbata: 7 cm,Ancho Corbata: 7 cm"
__import__.product_template_mf_10845_632,Corbata MF-10845/632,4,Ancho Corbatax2,"Ancho Corbata: 7 cm,Ancho Corbata: 7 cm"
__import__.product_template_mf_10845_634,Corbata MF-10845/634,4,Ancho Corbatax2,"Ancho Corbata: 7 cm,Ancho Corbata: 7 cm"
__import__.product_template_mf_10845_638,Corbata MF-10845/638,4,Ancho Corbatax2,"Ancho Corbata: 7 cm,Ancho Corbata: 7 cm"
__import__.product_template_mf_10845_641,Corbata MF-10845/641,4,Ancho Corbatax2,"Ancho Corbata: 7 cm,Ancho Corbata: 7 cm"
__import__.product_template_mf_10845_642,Corbata MF-10845/642,4,Ancho Corbatax2,"Ancho Corbata: 7 cm,Ancho Corbata: 7 cm"
__import__.product_template_mf_10845_645,Corbata MF-10845/645,4,Ancho Corbatax2,"Ancho Corbata: 7 cm,Ancho Corbata: 7 cm"
__import__.product_template_mf_10845_646,Corbata MF-10845/646,4,Ancho Corbatax2,"Ancho Corbata: 7 cm,Ancho Corbata: 7 cm"
__import__.product_template_mf_10845_647,Corbata MF-10845/647,4,Ancho Corbatax2,"Ancho Corbata: 7 cm,Ancho Corbata: 7 cm"
__import__.product_template_mf10294_18,Corbata MF10294/18,4,Ancho Corbatax2,"Ancho Corbata: 7 cm,Ancho Corbata: 7 cm"
__import__.product_template_mf10294_19,Corbata MF10294/19,4,Ancho Corbatax2,"Ancho Corbata: 7 cm,Ancho Corbata: 7 cm"
__import__.product_template_mf3870_1,Corbata MF3870/1,9,Ancho Corbatax2,"Ancho Corbata: 6 cm,Ancho Corbata: 6 cm"
__import__.product_template_mf3870_11,Corbata MF3870/11,9,Ancho Corbatax2,"Ancho Corbata: 6 cm,Ancho Corbata: 6 cm"
__import__.product_template_mf3870_12,Corbata MF3870/12,4,Ancho Corbatax2,"Ancho Corbata: 7 cm,Ancho Corbata: 7 cm"
__import__.product_template_mf3870_19,Corbata MF3870/19,9,Ancho Corbatax2,"Ancho Corbata: 6 cm,Ancho Corbata: 6 cm"
__import__.product_template_mf3870_21,Corbata MF3870/21,4,Ancho Corbatax2,"Ancho Corbata: 7 cm,Ancho Corbata: 7 cm"
__import__.product_template_mf3870_23,Corbata MF3870/23,4,Ancho Corbatax2,"Ancho Corbata: 7 cm,Ancho Corbata: 7 cm"
__import__.product_template_mf3870_24,Corbata MF3870/24,4,Ancho Corbatax2,"Ancho Corbata: 7 cm,Ancho Corbata: 7 cm"
__import__.product_template_mf3870_25,Corbata MF3870/25,4,Ancho Corbatax2,"Ancho Corbata: 7 cm,Ancho Corbata: 7 cm"
__import__.product_template_mf3870_29,Corbata MF3870/29,4,Ancho Corbatax2,"Ancho Corbata: 7 cm,Ancho Corbata: 7 cm"
__import__.product_template_mf3870_34,Corbata MF3870/34,4,Ancho Corbatax2,"Ancho Corbata: 7 cm,Ancho Corbata: 7 cm"
__import__.product_template_mf3870_35,Corbata MF3870/35,4,Ancho Corbatax2,"Ancho Corbata: 7 cm,Ancho Corbata: 7 cm"
__import__.product_template_mf3870_38,Corbata MF3870/38,4,Ancho Corbatax2,"Ancho Corbata: 7 cm,Ancho Corbata: 7 cm"
__import__.product_template_mf3870_40,Corbata MF3870/40,4,Ancho Corbatax2,"Ancho Corbata: 7 cm,Ancho Corbata: 7 cm"
__import__.product_template_mf3870_45,Corbata MF3870/45,9,Ancho Corbatax2,"Ancho Corbata: 6 cm,Ancho Corbata: 6 cm"
__import__.product_template_mf3870_5,Corbata MF3870/5,4,Ancho Corbatax2,"Ancho Corbata: 7 cm,Ancho Corbata: 7 cm"
__import__.product_template_mf3870_6,Corbata MF3870/6,4,Ancho Corbatax2,"Ancho Corbata: 7 cm,Ancho Corbata: 7 cm"
__import__.product_template_mf3870_65,Corbata MF3870/65,4,Ancho Corbatax2,"Ancho Corbata: 7 cm,Ancho Corbata: 7 cm"
__import__.product_template_mf3870_7,Corbata MF3870/7,4,Ancho Corbatax2,"Ancho Corbata: 7 cm,Ancho Corbata: 7 cm"
__import__.product_template_mf7984_10,Corbata MF7984/10,4,Ancho Corbatax2,"Ancho Corbata: 7 cm,Ancho Corbata: 7 cm"
__import__.product_template_mf7984_9,Corbata MF7984/9,4,Ancho Corbatax2,"Ancho Corbata: 7 cm,Ancho Corbata: 7 cm"
__import__.product_template_mf8997_37,Corbata MF8997/37,4,Ancho Corbatax2,"Ancho Corbata: 7 cm,Ancho Corbata: 7 cm"
__import__.product_template_mf8997_38,Corbata MF8997/38,4,Ancho Corbatax2,"Ancho Corbata: 7 cm,Ancho Corbata: 7 cm"
__import__.product_template_mf8997_41,Corbata MF8997/41,4,Ancho Corbatax2,"Ancho Corbata: 7 cm,Ancho Corbata: 7 cm"
__import__.product_template_mf90005_13,Corbata MF90005/13,4,Ancho Corbatax2,"Ancho Corbata: 7 cm,Ancho Corbata: 7 cm"
__import__.product_template_mf90005_19,Corbata MF90005/19,4,Ancho Corbatax2,"Ancho Corbata: 7 cm,Ancho Corbata: 7 cm"
__import__.product_template_mf90005_20,Corbata MF90005/20,4,Ancho Corbatax2,"Ancho Corbata: 7 cm,Ancho Corbata: 7 cm"
__import__.product_template_p1072_34,Corbata P1072/34,4,Ancho Corbatax2,"Ancho Corbata: 7 cm,Ancho Corbata: 7 cm"
__import__.product_template_p1072_35,Corbata P1072/35,4,Ancho Corbatax2,"Ancho Corbata: 7 cm,Ancho Corbata: 7 cm"
__import__.product_template_p1072_36,Corbata P1072/36,4,Ancho Corbatax2,"Ancho Corbata: 7 cm,Ancho Corbata: 7 cm"
__import__.product_template_p1072_40,Corbata P1072/40,4,Ancho Corbatax2,"Ancho Corbata: 7 cm,Ancho Corbata: 7 cm"
__import__.product_template_p1338_21,Corbata P1338/21,4,Ancho Corbatax2,"Ancho Corbata: 7 cm,Ancho Corbata: 7 cm"
__import__.product_template_p1338_36,Corbata P1338/36,4,Ancho Corbatax2,"Ancho Corbata: 7 cm,Ancho Corbata: 7 cm"
__import__.product_template_p1650_1,Corbata P1650/1,4,Ancho Corbatax2,"Ancho Corbata: 7 cm,Ancho Corbata: 7 cm"
__import__.product_template_p1650_3,Corbata P1650/3,4,Ancho Corbatax2,"Ancho Corbata: 7 cm,Ancho Corbata: 7 cm"
__import__.product_template_p1657_10,Corbata P1657/10,4,Ancho Corbatax2,"Ancho Corbata: 7 cm,Ancho Corbata: 7 cm"
__import__.product_template_p1657_20,Corbata P1657/20,4,Ancho Corbatax2,"Ancho Corbata: 7 cm,Ancho Corbata: 7 cm"
__import__.product_template_p1657_3,Corbata P1657/3,4,Ancho Corbatax2,"Ancho Corbata: 7 cm,Ancho Corbata: 7 cm"
__import__.product_template_p1657_6,Corbata P1657/6,4,Ancho Corbatax2,"Ancho Corbata: 7 cm,Ancho Corbata: 7 cm"
__import__.product_template_p1657_8,Corbata P1657/8,4,Ancho Corbatax2,"Ancho Corbata: 7 cm,Ancho Corbata: 7 cm"
__import__.product_template_p1661_1,Corbata P1661/1,4,Ancho Corbatax2,"Ancho Corbata: 7 cm,Ancho Corbata: 7 cm"
__import__.product_template_p1661_2,Corbata P1661/2,4,Ancho Corbatax2,"Ancho Corbata: 7 cm,Ancho Corbata: 7 cm"
__import__.product_template_p1661_20,Corbata P1661/20,4,Ancho Corbatax2,"Ancho Corbata: 7 cm,Ancho Corbata: 7 cm"
__import__.product_template_p1661_4,Corbata P1661/4,4,Ancho Corbatax2,"Ancho Corbata: 7 cm,Ancho Corbata: 7 cm"
__import__.product_template_p1661_6,Corbata P1661/6,4,Ancho Corbatax2,"Ancho Corbata: 7 cm,Ancho Corbata: 7 cm"
__import__.product_template_p1666_p1662_13,Corbata P1666/P1662/13,4,Ancho Corbatax2,"Ancho Corbata: 7 cm,Ancho Corbata: 7 cm"
__import__.product_template_p1666_p1662_14,Corbata P1666/P1662/14,4,Ancho Corbatax2,"Ancho Corbata: 7 cm,Ancho Corbata: 7 cm"
__import__.product_template_p1666_p1662_18,Corbata P1666/P1662/18,4,Ancho Corbatax2,"Ancho Corbata: 7 cm,Ancho Corbata: 7 cm"
__import__.product_template_p1666_p1662_2,Corbata P1666/P1662/2,4,Ancho Corbatax2,"Ancho Corbata: 7 cm,Ancho Corbata: 7 cm"
__import__.product_template_p1666_p1662_30,Corbata P1666/P1662/30,4,Ancho Corbatax2,"Ancho Corbata: 7 cm,Ancho Corbata: 7 cm"
__import__.product_template_p1666_p1662_4,Corbata P1666/P1662/4,4,Ancho Corbatax2,"Ancho Corbata: 7 cm,Ancho Corbata: 7 cm"
__import__.product_template_p1666_p1662_6,Corbata P1666/P1662/6,4,Ancho Corbatax2,"Ancho Corbata: 7 cm,Ancho Corbata: 7 cm"
__import__.product_template_p897_65,Corbata P897/65,4,Ancho Corbatax2,"Ancho Corbata: 7 cm,Ancho Corbata: 7 cm"
__import__.product_template_p897_77,Corbata P897/77,4,Ancho Corbatax2,"Ancho Corbata: 7 cm,Ancho Corbata: 7 cm"
__import__.product_template_p897_79,Corbata P897/79,4,Ancho Corbatax2,"Ancho Corbata: 7 cm,Ancho Corbata: 7 cm"
__import__.product_template_p897_81,Corbata P897/81,4,Ancho Corbatax2,"Ancho Corbata: 7 cm,Ancho Corbata: 7 cm"
__import__.product_template_p897_82,Corbata P897/82,4,Ancho Corbatax2,"Ancho Corbata: 7 cm,Ancho Corbata: 7 cm"
__import__.product_template_s299_601,Corbata S299/601,4,Ancho Corbatax2,"Ancho Corbata: 7 cm,Ancho Corbata: 7 cm"
__import__.product_template_s299_603,Corbata S299/603,4,Ancho Corbatax2,"Ancho Corbata: 7 cm,Ancho Corbata: 7 cm"
__import__.product_template_s299_619,Corbata S299/619,4,Ancho Corbatax2,"Ancho Corbata: 7 cm,Ancho Corbata: 7 cm"
__import__.product_template_s299_620,Corbata S299/620,4,Ancho Corbatax2,"Ancho Corbata: 7 cm,Ancho Corbata: 7 cm"
__import__.product_template_s299_621,Corbata S299/621,4,Ancho Corbatax2,"Ancho Corbata: 7 cm,Ancho Corbata: 7 cm"
__import__.product_template_s299_626,Corbata S299/626,4,Ancho Corbatax2,"Ancho Corbata: 7 cm,Ancho Corbata: 7 cm"
__import__.product_template_s299_629,Corbata S299/629,4,Ancho Corbatax2,"Ancho Corbata: 7 cm,Ancho Corbata: 7 cm"
__import__.product_template_s299_642,Corbata S299/642,4,Ancho Corbatax2,"Ancho Corbata: 7 cm,Ancho Corbata: 7 cm"
__import__.product_template_s299_647,Corbata S299/647,4,Ancho Corbatax2,"Ancho Corbata: 7 cm,Ancho Corbata: 7 cm"
__import__.product_template_z_ch161_davi,Corbata Z-CH161-DAVI,4,Ancho Corbatax2,"Ancho Corbata: 6 cm,Ancho Corbata: 6 cm"
__import__.product_template_z5911_oro,Corbata Z5911-ORO,4,Ancho Corbatax2,"Ancho Corbata: 6 cm,Ancho Corbata: 6 cm"
__import__.product_template_ent_gloria_wht_consig,ENTERIZO GLORIA WHITE,9,Tallax2,"Talla: S,Talla: S"
__import__.product_template_fld_freda_cof,FALDA FREDA COFFE-WHITE,9,Tallax2,"Talla: S,Talla: S"
__import__.product_template_fa_rayon_mm,FALDA MINI MOCHA MOUSSE,9,Tallax2,"Talla: S,Talla: S"
__import__.product_template_fl_mediterraneo,FALDA P/DAMA MEDITERRENO,4,Tallax2,"Talla: L,Talla: L"
__import__.product_template_sl,H CORBATA P/CABALLERO NAVY LABRADO PUNTO,4,Ancho Corbatax2,"Ancho Corbata: 6 cm,Ancho Corbata: 6 cm"
__import__.product_template_tl_x25_502a_a,H. BERMUDA P/HOMBRE TED LAPIDUS WHITE,16,Tallax2,"Talla: S,Talla: S"
__import__.product_template_cuwme010_439,H. CAMISA CUBAVERA M/C LINO P/CABALLERO AQUA ESQUE,16,Tallax2,"Talla: S,Talla: S"
__import__.product_template_cuwsd081_963,H. CAMISA CUBAVERA M/C LINO P/CABALLERO BLUE CORAL,16,Tallax2,"Talla: S,Talla: S"
__import__.product_template_cuwsd064_112,H. CAMISA CUBAVERA M/C LINO P/CABALLERO BRILLIANT WHITE,16,Tallax2,"Talla: S,Talla: S"
__import__.product_template_cuwsd066_112,H. CAMISA CUBAVERA M/C LINO P/CABALLERO BRILLIANT WHITE (cuwsd066_112),16,Tallax2,"Talla: S,Talla: S"
__import__.product_template_cuwsp002_112,H. CAMISA CUBAVERA M/C P/CABALLERO BRILLIANT WHITE,16,Tallax2,"Talla: S,Talla: S"
__import__.product_template_cuwfc021_112,H. CAMISA CUBAVERA M/C P/CABALLERO BRILLIANT WHITE (cuwfc021_112),16,Tallax2,"Talla: S,Talla: S"
__import__.product_template_cuwsp005_408,H. CAMISA CUBAVERA M/C P/CABALLERO DRESS BLUES,16,Tallax2,"Talla: S,Talla: S"
__import__.product_template_cuwsp011_022,H. CAMISA CUBAVERA M/C P/CABALLERO JET BLACK,16,Tallax2,"Talla: S,Talla: S"
__import__.product_template_cuwsp014_467,H. CAMISA CUBAVERA M/C P/CABALLERO MEDITERRANEA B,16,Tallax2,"Talla: S,Talla: S"
__import__.product_template_cuwsp015_122,H. CAMISA CUBAVERA M/C P/CABALLERO NATURAL LINEN,16,Tallax2,"Talla: S,Talla: S"
__import__.product_template_c9hw0034_100d,H. CAMISA CUBAVERA M/L LINO P/CABALLERO BRIGHT WHITE,16,Tallax2,"Talla: S,Talla: S"
__import__.product_template_cuwfd027_112,H. CAMISA CUBAVERA M/L LINO P/CABALLERO BRILLIANT WHITE,16,Tallax2,"Talla: S,Talla: S"
__import__.product_template_17605bg_dc,H. CAMISA D/P BIG SIZE BRUNO CASSINI BLACK 34-35,100,"Tallax2, Manga de Camisax2","Talla: 18,Talla: 18,Manga de Camisa: S1 - 32/33,Manga de Camisa: S1 - 32/33"
__import__.product_template_17604bg_dc,H. CAMISA D/P BIG SIZE BRUNO CASSINI DARK BLUE 32-33,100,"Tallax2, Manga de Camisax2","Talla: 18,Talla: 18,Manga de Camisa: S1 - 32/33,Manga de Camisa: S1 - 32/33"
__import__.product_template_17601bg_dc,H. CAMISA D/P BIG SIZE BRUNO CASSINI WHITE 32-33,64,"Tallax2, Manga de Camisax2","Talla: 18,Talla: 18,Manga de Camisa: S1 - 32/33,Manga de Camisa: S1 - 32/33"
__import__.product_template_17605dc,H. CAMISA D/P BLACK BRUNO CASSINI 32-33,144,"Tallax2, Manga de Camisax2","Talla: 14.5,Talla: 14.5,Manga de Camisa: S1 - 32/33,Manga de Camisa: S1 - 32/33"
__import__.product_template_8504dc,H. CAMISA D/P BLUE BRUNO CASSINI 32-33,196,"Tallax2, Manga de Camisax2","Talla: 14.5,Talla: 14.5,Manga de Camisa: S1 - 32/33,Manga de Camisa: S1 - 32/33"
__import__.product_template_a151_82dc,H. CAMISA D/P BRUNO CASSINI BLACK 32-33,144,"Tallax2, Manga de Camisax2","Talla: 14.5,Talla: 14.5,Manga de Camisa: S1 - 32/33,Manga de Camisa: S1 - 32/33"
__import__.product_template_ern_sabat_1259dc,H. CAMISA D/P BRUNO CASSINI WHITE 34-35,256,"Tallax2, Manga de Camisax2","Talla: 14.5,Talla: 14.5,Manga de Camisa: S1 - 32/33,Manga de Camisa: S1 - 32/33"
__import__.product_template_17604dc,H. CAMISA D/P DARK BLUE BRUNO CASSINI 32-33,144,"Tallax2, Manga de Camisax2","Talla: 14.5,Talla: 14.5,Manga de Camisa: S1 - 32/33,Manga de Camisa: S1 - 32/33"
__import__.product_template_8500dc,H. CAMISA D/P WHITE BRUNO CASSINI 32-33,16,"Tallax2, Manga de Camisax2","Talla: 16,Talla: 16,Manga de Camisa: S1 - 32/33,Manga de Camisa: S1 - 32/33"
__import__.product_template_17601dc,H. CAMISA D/P WHITE BRUNO CASSINI 32-33 (17601dc),196,"Tallax2, Manga de Camisax2","Talla: 14.5,Talla: 14.5,Manga de Camisa: S1 - 32/33,Manga de Camisa: S1 - 32/33"
__import__.product_template_a156_1dc,H. CAMISA D/P WHITE BRUNO CASSINI 32-33 (a156_1dc),100,"Tallax2, Manga de Camisax2","Talla: 14.5,Talla: 14.5,Manga de Camisa: S1 - 32/33,Manga de Camisa: S1 - 32/33"
__import__.product_template_cm0042ryb_f,H. CAMISA FRENCH SHIRT BLUE BRUNO CASSINI,25,Tallax2,"Talla: S,Talla: S"
__import__.product_template_cm0042dbu_f,H. CAMISA FRENCH SHIRT DK. BLUE BRUNO CASSINI,25,Tallax2,"Talla: S,Talla: S"
__import__.product_template_cm0042dgr_f,H. CAMISA FRENCH SHIRT MINT BRUNO CASSINI,25,Tallax2,"Talla: S,Talla: S"
__import__.product_template_cm0044mbu_f,H. CAMISA FRENCH SHIRT PURPLE BRUNO CASSINI,25,Tallax2,"Talla: S,Talla: S"
__import__.product_template_cm0044lbu_f,H. CAMISA FRENCH SHIRT SKY BLUE BRUNO CASSINI,25,Tallax2,"Talla: S,Talla: S"
__import__.product_template_cm0042mbu_f,H. CAMISA FRENCH SHIRT SKY BLUE BRUNO CASSINI (cm0042mbu_f),25,Tallax2,"Talla: S,Talla: S"
__import__.product_template_cm0044wht_f,H. CAMISA FRENCH SHIRT WHITE BRUNO CASSINI,16,Tallax2,"Talla: S,Talla: S"
__import__.product_template_8020_4_f,H. CAMISA LINO FRENCH BRUNO CASSINI,25,Tallax2,"Talla: S,Talla: S"
__import__.product_template_8020_106_f,H. CAMISA LINO FRENCH BRUNO CASSINI (8020_106_f),25,Tallax2,"Talla: S,Talla: S"
__import__.product_template_8020_15_f,H. CAMISA LINO FRENCH BRUNO CASSINI (8020_15_f),25,Tallax2,"Talla: S,Talla: S"
__import__.product_template_8020_3_f,H. CAMISA LINO FRENCH BRUNO CASSINI (8020_3_f),25,Tallax2,"Talla: S,Talla: S"
__import__.product_template_2011_23_f,H. CAMISA LINO FRENCH SHIRT BLUE BRUNO CASSINI,25,Tallax2,"Talla: S,Talla: S"
__import__.product_template_2011_55_f,H. CAMISA LINO FRENCH SHIRT OLIVE BRUNO CASSINI,25,Tallax2,"Talla: S,Talla: S"
__import__.product_template_2011_1_f,H. CAMISA LINO FRENCH SHIRT WHITE BRUNO CASSINI,25,Tallax2,"Talla: S,Talla: S"
__import__.product_template_2011_55_n,H. CAMISA LINO NORMAL SHIRT OLIVE BRUNO CASSINI,25,Tallax2,"Talla: S,Talla: S"
__import__.product_template_cuwsp007_100,H. CAMISA M/C CUBAVERA BRIGHT WHITE,16,Tallax2,"Talla: S,Talla: S"
__import__.product_template_cuwfd002_112,H. CAMISA M/C CUBAVERA BRILLIANT WHITE,16,Tallax2,"Talla: S,Talla: S"
__import__.product_template_cuwsd012_112,H. CAMISA M/C CUBAVERA BRILLIANT WHITE (cuwsd012_112),16,Tallax2,"Talla: S,Talla: S"
__import__.product_template_cuwfc005_683,H. CAMISA M/C CUBAVERA CANYON CLAY,16,Tallax2,"Talla: S,Talla: S"
__import__.product_template_cuwsb025_824,H. CAMISA M/C CUBAVERA CORAL ROSE,16,Tallax2,"Talla: S,Talla: S"
__import__.product_template_cuwsp009_426,H. CAMISA M/C CUBAVERA DELF,16,Tallax2,"Talla: S,Talla: S"
__import__.product_template_cuwsp001_408,H. CAMISA M/C CUBAVERA DRESS BLUES,16,Tallax2,"Talla: S,Talla: S"
__import__.product_template_cuwsa020_003,H. CAMISA M/C CUBAVERA JET BLACK,16,Tallax2,"Talla: S,Talla: S"
__import__.product_template_cuwsp008_412,H. CAMISA M/C CUBAVERA NAVY BLAZER,16,Tallax2,"Talla: S,Talla: S"
__import__.product_template_cuwsd077_477,H. CAMISA M/C CUBAVERA PARISIAN BLUE,16,Tallax2,"Talla: S,Talla: S"
__import__.product_template_cuwsd016_555,H. CAMISA M/C CUBAVERA RED VIOLET,16,Tallax2,"Talla: S,Talla: S"
__import__.product_template_cuwmd013_482,H. CAMISA M/C CUBAVERA SWIN CAP,16,Tallax2,"Talla: S,Talla: S"
__import__.product_template_tl_x04_517_a,H. CAMISA M/C HOMBRE TED LAPIDUS LT. BLUE,16,Tallax2,"Talla: S,Talla: S"
__import__.product_template_tl_x04_515_a,H. CAMISA M/C HOMBRE TED LAPIDUS RED,16,Tallax2,"Talla: S,Talla: S"
__import__.product_template_lbpc_b04_102s_lc,H. CAMISA M/C LONG BEACH LILAC,16,Tallax2,"Talla: S,Talla: S"
__import__.product_template_lbpc_b03_102r_sk,H. CAMISA M/C LONG BEACH SKY,16,Tallax2,"Talla: S,Talla: S"
__import__.product_template_lbpc_b03_102r_wh,H. CAMISA M/C LONG BEACH WHITE,16,Tallax2,"Talla: S,Talla: S"
__import__.product_template_tl_x03_214a_a,H. CAMISA M/L DK. DENIM TED LAPIDUS,16,Tallax2,"Talla: S,Talla: S"
__import__.product_template_tl_x03_214b_a,H. CAMISA M/L LT. DENIM TED LAPIDUS,16,Tallax2,"Talla: S,Talla: S"
__import__.product_template_tl_x03_222_a,H. CAMISA M/L MULTICOLOR TED LAPIDUS,16,Tallax2,"Talla: S,Talla: S"
__import__.product_template_tl_x03_226_a,H. CAMISA M/L NAVY TED LAPIDUS,16,Tallax2,"Talla: S,Talla: S"
__import__.product_template_cm0042ryb_n,H. CAMISA NORMAL SHIRT BLUE BRUNO CASSINI,25,Tallax2,"Talla: S,Talla: S"
__import__.product_template_cm0042dbu_n,H. CAMISA NORMAL SHIRT BLUE BRUNO CASSINI (cm0042dbu_n),16,Tallax2,"Talla: S,Talla: S"
__import__.product_template_cm0044mbu_n,H. CAMISA NORMAL SHIRT PURPLE BRUNO CASSINI,25,Tallax2,"Talla: S,Talla: S"
__import__.product_template_cm0044lbu_n,H. CAMISA NORMAL SHIRT SKY BLUE BRUNO CASSINI,25,Tallax2,"Talla: S,Talla: S"
__import__.product_template_cm0042mbu_n,H. CAMISA NORMAL SHIRT SKY BLUE BRUNO CASSINI (cm0042mbu_n),25,Tallax2,"Talla: S,Talla: S"
__import__.product_template_cm0044wht_n,H. CAMISA NORMAL SHIRT WHITE BRUNO CASSINI,16,Tallax2,"Talla: S,Talla: S"
__import__.product_template_ern_llana_1260dc,H. CAMISA P/CABALLERO D/P WHITE BRUNO CASSINI,16,"Tallax2, Manga de Camisax2","Talla: 14.5,Talla: 14.5,Manga de Camisa: S1 - 32/33,Manga de Camisa: S1 - 32/33"
__import__.product_template_ern_llana_1260,H. CAMISA P/CABALLERO P/S WHITE BRUNO CASSINI,16,"Tallax2, Manga de Camisax2","Talla: 17,Talla: 17,Manga de Camisa: S1 - 32/33,Manga de Camisa: S1 - 32/33"
__import__.product_template_opwb0500_118,H. CAMISA P/H M/C 100% LINO BRIGHT PENGUIN,16,Tallax2,"Talla: S,Talla: S"
__import__.product_template_opwb0500_413,H. CAMISA P/H M/C 100% LINO DARK SAPPHIRE PENGUIN,16,Tallax2,"Talla: S,Talla: S"
__import__.product_template_cuwme006_439,H. CAMISA P/H M/C AQUA ESQUE CUBAVERA,16,Tallax2,"Talla: S,Talla: S"
__import__.product_template_lbpc_b03_101s_bl,H. CAMISA P/H M/C BLACK LONG BEACH,16,Tallax2,"Talla: S,Talla: S"
__import__.product_template_cuwme029_112,H. CAMISA P/H M/C BRILLIANT WHITE CUBAVERA,16,Tallax2,"Talla: S,Talla: S"
__import__.product_template_lbpc_b03_101ss_nv,H. CAMISA P/H M/C NAVY LONG BEACH,16,Tallax2,"Talla: S,Talla: S"
__import__.product_template_lbpc_b03_101s_wh,H. CAMISA P/H M/C WHITE LONG BEACH,16,Tallax2,"Talla: S,Talla: S"
__import__.product_template_opwb0400_118,H. CAMISA P/H M/L 100% LINO BRIGHT WHITE PENGUIN,16,Tallax2,"Talla: S,Talla: S"
__import__.product_template_opwb0400_413,H. CAMISA P/H M/L 100% LINO DARK SAPPHIRE PENGUIN,16,Tallax2,"Talla: S,Talla: S"
__import__.product_template_lbpc_b04_101s_bl,H. CAMISA P/H M/L BLACK LONG BEACH,16,Tallax2,"Talla: S,Talla: S"
__import__.product_template_lbpc_b04_102s_ja,H. CAMISA P/H M/L JADE LONG BEACH,16,Tallax2,"Talla: S,Talla: S"
__import__.product_template_lbpc_b04_102s_nv,H. CAMISA P/H M/L NAVY LONG BEACH,16,Tallax2,"Talla: S,Talla: S"
__import__.product_template_lbpc_b04_101s_sl,H. CAMISA P/H M/L SALMON LONG BEACH,16,Tallax2,"Talla: S,Talla: S"
__import__.product_template_lbpc_b04_102s_sk,H. CAMISA P/H M/L SKY LONG BEACH,16,Tallax2,"Talla: S,Talla: S"
__import__.product_template_lbpc_b04_101s_wh,H. CAMISA P/H M/L WHITE LONG BEACH,16,Tallax2,"Talla: S,Talla: S"
__import__.product_template_cuwf2105_bw_b,H. CAMISA P/HOMBRE M/C BRIGHT WHITE CUBAVERA,16,Tallax2,"Talla: S,Talla: S"
__import__.product_template_cuwfa034_022,H. CAMISA P/HOMBRE M/C JET BLACK CUBAVERA,16,Tallax2,"Talla: S,Talla: S"
__import__.product_template_lbpc_b04_101s_nv,H. CAMISA P/HOMBRE M/L NAVY LONG BEACH,16,Tallax2,"Talla: S,Talla: S"
__import__.product_template_ern_sabat_10,H. CAMISA P/S BIG SIZE BRUNO CASSINI BLACK 34-35,64,"Tallax2, Manga de Camisax2","Talla: 15.5,Talla: 15.5,Manga de Camisa: S1 - 32/33,Manga de Camisa: S1 - 32/33"
__import__.product_template_a151_82bg,H. CAMISA P/S BIG SIZE BRUNO CASSINI BLACK 34-35 (a151_82bg),4,Manga de Camisax2,"Manga de Camisa: S1 - 32/33,Manga de Camisa: S1 - 32/33"
__import__.product_template_17604bg,H. CAMISA P/S BIG SIZE BRUNO CASSINI DARK BLUE 32-33,36,"Tallax2, Manga de Camisax2","Talla: 18,Talla: 18,Manga de Camisa: S1 - 32/33,Manga de Camisa: S1 - 32/33"
__import__.product_template_17601bg,H. CAMISA P/S BIG SIZE WHITE BRUNO CASSINI 32-33,144,"Tallax2, Manga de Camisax2","Talla: 17.5,Talla: 17.5,Manga de Camisa: S1 - 32/33,Manga de Camisa: S1 - 32/33"
__import__.product_template_a118_82,H. CAMISA P/S BLACK BRUNO CASSINI 34-35,100,"Tallax2, Manga de Camisax2","Talla: 14.5,Talla: 14.5,Manga de Camisa: S1 - 32/33,Manga de Camisa: S1 - 32/33"
__import__.product_template_ht1840_4,H. CAMISA P/S BLUE BRUNO CASSINI 32-33,16,"Tallax2, Manga de Camisax2","Talla: 14.5,Talla: 14.5,Manga de Camisa: S1 - 32/33,Manga de Camisa: S1 - 32/33"
__import__.product_template_a108_3,H. CAMISA P/S BLUE BRUNO CASSINI 32-33 (a108_3),16,"Tallax2, Manga de Camisax2","Talla: 14.5,Talla: 14.5,Manga de Camisa: S1 - 32/33,Manga de Camisa: S1 - 32/33"
__import__.product_template_a158_10,H. CAMISA P/S BLUE BRUNO CASSINI 32-33 (a158_10),196,"Tallax2, Manga de Camisax2","Talla: 14.5,Talla: 14.5,Manga de Camisa: S1 - 32/33,Manga de Camisa: S1 - 32/33"
__import__.product_template_ht8811_3,H. CAMISA P/S BLUE BRUNO CASSINI 32-33 (ht8811_3),16,"Tallax2, Manga de Camisax2","Talla: 15,Talla: 15,Manga de Camisa: S1 - 32/33,Manga de Camisa: S1 - 32/33"
__import__.product_template_a126_4,H. CAMISA P/S BLUE BRUNO CASSINI 34-35,100,"Tallax2, Manga de Camisax2","Talla: 14.5,Talla: 14.5,Manga de Camisa: S1 - 32/33,Manga de Camisa: S1 - 32/33"
__import__.product_template_a108_4,H. CAMISA P/S BLUE BRUNO CASSINI 34-35 (a108_4),100,"Tallax2, Manga de Camisax2","Talla: 14.5,Talla: 14.5,Manga de Camisa: S1 - 32/33,Manga de Camisa: S1 - 32/33"
__import__.product_template_187_22,H. CAMISA P/S BRUNO CASSINI BLUE NAVY 32-33,16,"Tallax2, Manga de Camisax2","Talla: 16.5,Talla: 16.5,Manga de Camisa: S1 - 32/33,Manga de Camisa: S1 - 32/33"
__import__.product_template_4s22008_2,H. CAMISA P/S BRUNO CASSINI BLUE PLAID 34-35,36,"Tallax2, Manga de Camisax2","Talla: 16.5,Talla: 16.5,Manga de Camisa: S1 - 32/33,Manga de Camisa: S1 - 32/33"
__import__.product_template_cm0005lbu,H. CAMISA P/S BRUNO CASSINI LIGHT BLUE 32-33,36,"Tallax2, Manga de Camisax2","Talla: 15.5,Talla: 15.5,Manga de Camisa: S1 - 32/33,Manga de Camisa: S1 - 32/33"
__import__.product_template_8020_3,H. CAMISA P/S BRUNO CASSINI LINO BLACK,16,Tallax2,"Talla: S,Talla: S"
__import__.product_template_8020_105,H. CAMISA P/S BRUNO CASSINI LINO BROWN,4,Tallax2,"Talla: M,Talla: M"
__import__.product_template_8020_4,H. CAMISA P/S BRUNO CASSINI LINO NAVY,16,Tallax2,"Talla: S,Talla: S"
__import__.product_template_8020_55,H. CAMISA P/S BRUNO CASSINI LINO OLIVO,16,Tallax2,"Talla: S,Talla: S"
__import__.product_template_8020_1,H. CAMISA P/S BRUNO CASSINI LINO WHITE,9,Tallax2,"Talla: S,Talla: S"
__import__.product_template_cm0005mbu,H. CAMISA P/S BRUNO CASSINI M. BLUE 32-33,36,"Tallax2, Manga de Camisax2","Talla: 14.5,Talla: 14.5,Manga de Camisa: S1 - 32/33,Manga de Camisa: S1 - 32/33"
__import__.product_template_1_18,H. CAMISA P/S BRUNO CASSINI PURPLE 32-33,4,Manga de Camisax2,"Manga de Camisa: S1 - 32/33,Manga de Camisa: S1 - 32/33"
__import__.product_template_cm0005pur,H. CAMISA P/S BRUNO CASSINI PURPLE 32-33 (cm0005pur),36,"Tallax2, Manga de Camisax2","Talla: 16,Talla: 16,Manga de Camisa: S1 - 32/33,Manga de Camisa: S1 - 32/33"
__import__.product_template_ss23101_02,H. CAMISA P/S BRUNO CASSINI SKY BLUE 32-33,36,"Tallax2, Manga de Camisax2","Talla: 15.5,Talla: 15.5,Manga de Camisa: S1 - 32/33,Manga de Camisa: S1 - 32/33"
__import__.product_template_4s22026_2,H. CAMISA P/S BRUNO CASSINI SKY BLUE 32-33 (4s22026_2),64,"Tallax2, Manga de Camisax2","Talla: 14.5,Talla: 14.5,Manga de Camisa: S1 - 32/33,Manga de Camisa: S1 - 32/33"
__import__.product_template_4s22009_2,H. CAMISA P/S BRUNO CASSINI SKY BLUE ROMBO 34-35,16,"Tallax2, Manga de Camisax2","Talla: 15.5,Talla: 15.5,Manga de Camisa: S1 - 32/33,Manga de Camisa: S1 - 32/33"
__import__.product_template_ss23101_01,H. CAMISA P/S BRUNO CASSINI WHITE 32-33,16,"Tallax2, Manga de Camisax2","Talla: 16.5,Talla: 16.5,Manga de Camisa: S1 - 32/33,Manga de Camisa: S1 - 32/33"
__import__.product_template_ern_sabat_1259,H. CAMISA P/S BRUNO CASSINI WHITE 34-35,36,"Tallax2, Manga de Camisax2","Talla: 15,Talla: 15,Manga de Camisa: S1 - 32/33,Manga de Camisa: S1 - 32/33"
__import__.product_template_4s22009_1,H. CAMISA P/S BRUNO CASSINI WHITE 34-35 (4s22009_1),4,Manga de Camisax2,"Manga de Camisa: S1 - 32/33,Manga de Camisa: S1 - 32/33"
__import__.product_template_a108_24,H. CAMISA P/S CORAL BRUNO CASSINI 34-35,196,"Tallax2, Manga de Camisax2","Talla: 14.5,Talla: 14.5,Manga de Camisa: S1 - 32/33,Manga de Camisa: S1 - 32/33"
__import__.product_template_nx_bichek_03,H. CAMISA P/S CUADROS BRUNO CASSINI 34-35,36,"Tallax2, Manga de Camisax2","Talla: 15.5,Talla: 15.5,Manga de Camisa: S1 - 32/33,Manga de Camisa: S1 - 32/33"
__import__.product_template_a108_7,H. CAMISA P/S LIGHT BLUE BRUNO CASSINI 32-33,64,"Tallax2, Manga de Camisax2","Talla: 15,Talla: 15,Manga de Camisa: S1 - 32/33,Manga de Camisa: S1 - 32/33"
__import__.product_template_a126_3,H. CAMISA P/S LIGHT BLUE BRUNO CASSINI 34-35,64,"Tallax2, Manga de Camisax2","Talla: 15,Talla: 15,Manga de Camisa: S1 - 32/33,Manga de Camisa: S1 - 32/33"
__import__.product_template_a158_3,H. CAMISA P/S LIGHT BLUE BRUNO CASSINI 34-35 (a158_3),4,Manga de Camisax2,"Manga de Camisa: S1 - 32/33,Manga de Camisa: S1 - 32/33"
__import__.product_template_str3,H. CAMISA P/S LINEN LIGHT BLUE BRUNO CASSINI 34-35,64,"Tallax2, Manga de Camisax2","Talla: 14.5,Talla: 14.5,Manga de Camisa: S1 - 32/33,Manga de Camisa: S1 - 32/33"
__import__.product_template_a126_10,H. CAMISA P/S PURPLE BRUNO CASSINI 32-33,144,"Tallax2, Manga de Camisax2","Talla: 15,Talla: 15,Manga de Camisa: S1 - 32/33,Manga de Camisa: S1 - 32/33"
__import__.product_template_ht8811_2,H. CAMISA P/S ROSE BRUNO CASSINI 34-35,196,"Tallax2, Manga de Camisax2","Talla: 14.5,Talla: 14.5,Manga de Camisa: S1 - 32/33,Manga de Camisa: S1 - 32/33"
__import__.product_template_ht1965_2,H. CAMISA P/S SQUARE BLUE BRUNO CASSINI 34-35,144,"Tallax2, Manga de Camisax2","Talla: 15,Talla: 15,Manga de Camisa: S1 - 32/33,Manga de Camisa: S1 - 32/33"
__import__.product_template_ht2082_3,H. CAMISA P/S SQUARE BLUE BRUNO CASSINI 34-35 (ht2082_3),196,"Tallax2, Manga de Camisax2","Talla: 14.5,Talla: 14.5,Manga de Camisa: S1 - 32/33,Manga de Camisa: S1 - 32/33"
__import__.product_template_ht1739_5,H. CAMISA P/S STRIPE BLUE BRUNO CASSINI 34-35,36,"Tallax2, Manga de Camisax2","Talla: 16.5,Talla: 16.5,Manga de Camisa: S1 - 32/33,Manga de Camisa: S1 - 32/33"
__import__.product_template_ht2081_3,H. CAMISA P/S WHITE BRUNO CASSINI 32-33,196,"Tallax2, Manga de Camisax2","Talla: 14.5,Talla: 14.5,Manga de Camisa: S1 - 32/33,Manga de Camisa: S1 - 32/33"
__import__.product_template_a108_1,H. CAMISA P/S WHITE BRUNO CASSINI 32-33 (a108_1),196,"Tallax2, Manga de Camisax2","Talla: 14.5,Talla: 14.5,Manga de Camisa: S1 - 32/33,Manga de Camisa: S1 - 32/33"
__import__.product_template_a156_1,H. CAMISA P/S WHITE BRUNO CASSINI 32-33 (a156_1),144,"Tallax2, Manga de Camisax2","Talla: 14.5,Talla: 14.5,Manga de Camisa: S1 - 32/33,Manga de Camisa: S1 - 32/33"
__import__.product_template_a163_1,H. CAMISA P/S WHITE BRUNO CASSINI 32-33 (a163_1),196,"Tallax2, Manga de Camisax2","Talla: 14.5,Talla: 14.5,Manga de Camisa: S1 - 32/33,Manga de Camisa: S1 - 32/33"
__import__.product_template_ht1840_1,H. CAMISA P/S WHITE BRUNO CASSINI 32-33 (ht1840_1),196,"Tallax2, Manga de Camisax2","Talla: 14.5,Talla: 14.5,Manga de Camisa: S1 - 32/33,Manga de Camisa: S1 - 32/33"
__import__.product_template_ht2231_1,H. CAMISA P/S WHITE BRUNO CASSINI 32-33 (ht2231_1),196,"Tallax2, Manga de Camisax2","Talla: 14.5,Talla: 14.5,Manga de Camisa: S1 - 32/33,Manga de Camisa: S1 - 32/33"
__import__.product_template_ht2231_7,H. CAMISA P/S WHITE BRUNO CASSINI 32-33 (ht2231_7),196,"Tallax2, Manga de Camisax2","Talla: 14.5,Talla: 14.5,Manga de Camisa: S1 - 32/33,Manga de Camisa: S1 - 32/33"
__import__.product_template_ht8811_1,H. CAMISA P/S WHITE BRUNO CASSINI 32-33 (ht8811_1),196,"Tallax2, Manga de Camisax2","Talla: 14.5,Talla: 14.5,Manga de Camisa: S1 - 32/33,Manga de Camisa: S1 - 32/33"
__import__.product_template_ht2102_81,H. CAMISA P/S WHITE BRUNO CASSINI 34-35,196,"Tallax2, Manga de Camisax2","Talla: 14.5,Talla: 14.5,Manga de Camisa: S1 - 32/33,Manga de Camisa: S1 - 32/33"
__import__.product_template_a151_1,H. CAMISA P/S WHITE BRUNO CASSINI 34-35 (a151_1),100,"Tallax2, Manga de Camisax2","Talla: 14.5,Talla: 14.5,Manga de Camisa: S1 - 32/33,Manga de Camisa: S1 - 32/33"
__import__.product_template_ht1840_2,H. CAMISA P/S WHITE BRUNO CASSINI 34-35 (ht1840_2),196,"Tallax2, Manga de Camisax2","Talla: 14.5,Talla: 14.5,Manga de Camisa: S1 - 32/33,Manga de Camisa: S1 - 32/33"
__import__.product_template_17601_sk,H. CAMISA P/SMOKING WHITE BRUNO CASSINI 32-33,196,"Tallax2, Manga de Camisax2","Talla: 14.5,Talla: 14.5,Manga de Camisa: S1 - 32/33,Manga de Camisa: S1 - 32/33"
__import__.product_template_opwb1101_670,H. CAMISA POPLIN M/L P/HOMBRE PENGUIN VEILED ROSE,16,Tallax2,"Talla: S,Talla: S"
__import__.product_template_cmst_cv_b90_001rd,H. CAMISETA CARVEN RED CARVEN,4,Tallax2,"Talla: S,Talla: S"
__import__.product_template_tl_x30_513c_a,H. CAMISETA M/C HOMBRE TED LAPIDUS GREEN,16,Tallax2,"Talla: S,Talla: S"
__import__.product_template_tl_x30_513a_a,H. CAMISETA M/C HOMBRE TED LAPIDUS PINK,16,Tallax2,"Talla: S,Talla: S"
__import__.product_template_tl_x30_513b_a,H. CAMISETA M/C HOMBRE TED LAPIDUS YELLOW,16,Tallax2,"Talla: S,Talla: S"
__import__.product_template_c9hw0034_022,H. GUAYABERA CUBAVERA LINO P/CABALLERO JET BLACK,16,Tallax2,"Talla: S,Talla: S"
__import__.product_template_pt_cv_t11_031_nv,H. PANTALON P/CABALLERO CARVEN,64,Tallax2,"Talla: 30,Talla: 30"
__import__.product_template_pt_cv_b90_001rd,H. PANTALON P/CABALLERO CARVEN (pt_cv_b90_001rd),4,Tallax2,"Talla: S,Talla: S"
__import__.product_template_cb_h21_003ka,H. PANTALON P/HOMBRE CUBAVERA BANANA CREPE,16,Tallax2,"Talla: S,Talla: S"
__import__.product_template_cb_h21_003nv,H. PANTALON P/HOMBRE CUBAVERA BLUE PRINT,16,Tallax2,"Talla: S,Talla: S"
__import__.product_template_cb_sp21_003bw,H. PANTALON P/HOMBRE CUBAVERA BRIGHT WHITE,16,Tallax2,"Talla: S,Talla: S"
__import__.product_template_lbpc_a31_243s_bl,H. POLO LONG BEACH M/C P/CABALLERO BLACK,4,Tallax2,"Talla: L,Talla: L"
__import__.product_template_lbpc_b31_101s_bl,H. POLO LONG BEACH M/C P/CABALLERO BLACK (lbpc_b31_101s_bl),16,Tallax2,"Talla: S,Talla: S"
__import__.product_template_lbpc_a31_243s_hch,H. POLO LONG BEACH M/C P/CABALLERO CHARCOAL,16,Tallax2,"Talla: S,Talla: S"
__import__.product_template_lbpc_a31_243s_chrr,H. POLO LONG BEACH M/C P/CABALLERO CHERRY,16,Tallax2,"Talla: S,Talla: S"
__import__.product_template_lbpc_b31_101s_chrr,H. POLO LONG BEACH M/C P/CABALLERO CHERRY (lbpc_b31_101s_chrr),16,Tallax2,"Talla: S,Talla: S"
__import__.product_template_lbpc_b31_101s_in,H. POLO LONG BEACH M/C P/CABALLERO INDIGO,16,Tallax2,"Talla: S,Talla: S"
__import__.product_template_lbpc_b31_101s_iv,H. POLO LONG BEACH M/C P/CABALLERO IVORY,16,Tallax2,"Talla: S,Talla: S"
__import__.product_template_lbpc_b31_101s_ge,H. POLO LONG BEACH M/C P/CABALLERO KELLY GREEN,16,Tallax2,"Talla: S,Talla: S"
__import__.product_template_lbpc_a31_243s_lk,H. POLO LONG BEACH M/C P/CABALLERO LAKE,16,Tallax2,"Talla: S,Talla: S"
__import__.product_template_lbpc_b31_101s_lk,H. POLO LONG BEACH M/C P/CABALLERO LAKE (lbpc_b31_101s_lk),16,Tallax2,"Talla: S,Talla: S"
__import__.product_template_lbpc_b31_101s_mu,H. POLO LONG BEACH M/C P/CABALLERO MUSTARD,16,Tallax2,"Talla: S,Talla: S"
__import__.product_template_lbpc_a31_243s_nv,H. POLO LONG BEACH M/C P/CABALLERO NAVY,16,Tallax2,"Talla: S,Talla: S"
__import__.product_template_lbpc_b31_101s_nv,H. POLO LONG BEACH M/C P/CABALLERO NAVY (lbpc_b31_101s_nv),9,Tallax2,"Talla: M,Talla: M"
__import__.product_template_lbpc_a31_254r_nge,H. POLO LONG BEACH M/C P/CABALLERO NILO GREEN,16,Tallax2,"Talla: S,Talla: S"
__import__.product_template_lbpc_b31_101s_ltge,H. POLO LONG BEACH M/C P/CABALLERO PISTACCIO,16,Tallax2,"Talla: S,Talla: S"
__import__.product_template_lbpc_b31_101s_rs,H. POLO LONG BEACH M/C P/CABALLERO ROSE,16,Tallax2,"Talla: S,Talla: S"
__import__.product_template_lbpc_a31_243s_wh,H. POLO LONG BEACH M/C P/CABALLERO WHITE,16,Tallax2,"Talla: S,Talla: S"
__import__.product_template_lbpc_b31_101s_wi,H. POLO LONG BEACH M/C P/CABALLERO WINE,9,Tallax2,"Talla: S,Talla: S"
__import__.product_template_ockbs010_969,H. POLO P/H M/C AZURE BLUE PENGUIN,16,Tallax2,"Talla: S,Talla: S"
__import__.product_template_opkb0300_402,H. POLO P/H M/C BALLAD BLUE PENGUIN,16,Tallax2,"Talla: S,Talla: S"
__import__.product_template_ockb0800_449,H. POLO P/H M/C COOL BLUE PENGUIN,16,Tallax2,"Talla: S,Talla: S"
__import__.product_template_ocks0197_780,H. POLO P/H M/C CREAM GOLD PENGUIN,9,Tallax2,"Talla: M,Talla: M"
__import__.product_template_opkb0300_413,H. POLO P/H M/C DARK SAPPHIRE PENGUIN,16,Tallax2,"Talla: S,Talla: S"
__import__.product_template_ockb0801_005,H. POLO P/H M/C DK. CHARCOAL PENGUIN,16,Tallax2,"Talla: S,Talla: S"
__import__.product_template_ockb0010_673,H. POLO P/H M/C PARFAIT PINK PENGUIN,16,Tallax2,"Talla: S,Talla: S"
__import__.product_template_ockb0800_118,H. POLO P/H M/C PINK BRIGHT WHITE PENGUIN,16,Tallax2,"Talla: S,Talla: S"
__import__.product_template_opksb300_691,H. POLO P/H M/C PINK DOGWOOD PENGUIN,16,Tallax2,"Talla: S,Talla: S"
__import__.product_template_ockbs010_679,H. POLO P/H M/C RASPBERRY SORBEOT PENGUIN,16,Tallax2,"Talla: S,Talla: S"
__import__.product_template_opksb300_485,H. POLO P/H M/C SARGASSO SEA PENGUIN,16,Tallax2,"Talla: S,Talla: S"
__import__.product_template_ockbs010_330,H. POLO P/H M/C SILT GREEN PENGUIN,16,Tallax2,"Talla: S,Talla: S"
__import__.product_template_ockbs010_974,H. POLO P/H M/C STAR SAPPHIRE PENGUIN,16,Tallax2,"Talla: S,Talla: S"
__import__.product_template_ockb0800_010,H. POLO P/H M/C TRUE BLACK PENGUIN,4,Tallax2,"Talla: L,Talla: L"
__import__.product_template_opkb0300_010,H. POLO P/H M/C TRUE BLACK PENGUIN (opkb0300_010),16,Tallax2,"Talla: S,Talla: S"
__import__.product_template_lbpc_c31_223r_bl,H. POLO P/HOMBRE BLACK LONG BEACH,16,Tallax2,"Talla: S,Talla: S"
__import__.product_template_cuksd041_494,H. POLO P/HOMBRE M/C CRYSTAL BLUE CUBAVERA,16,Tallax2,"Talla: S,Talla: S"
__import__.product_template_opksb005_786,H. POLO P/HOMBRE M/C PENGUIN GREEN SHEEN,16,Tallax2,"Talla: S,Talla: S"
__import__.product_template_lbpc_c31_223r_sl,H. POLO P/HOMBRE SALMON LONG BEACH,4,Tallax2,"Talla: S,Talla: S"
__import__.product_template_lbpc_c31_206s_te,H. POLO P/HOMBRE TERRACOTA LONG BEACH,16,Tallax2,"Talla: S,Talla: S"
__import__.product_template_lbpc_b30_101s_nv,H. T-SHIRT LONG BEACH M/C P/CABALLERO NAVY,9,Tallax2,"Talla: S,Talla: S"
__import__.product_template_lbpc_b30_101s_wh,H. T-SHIRT LONG BEACH M/C WHITE,9,Tallax2,"Talla: M,Talla: M"
__import__.product_template_ockbs010_830,H. T-SHIRT P/H MOCK ORANGE PENGUIN,16,Tallax2,"Talla: S,Talla: S"
__import__.product_template_ockbs010_993,H. T-SHIRT P/H MOSAIC BLUE PENGUIN,16,Tallax2,"Talla: S,Talla: S"
__import__.product_template_lv_cv_t11_031_nv,LEVA P/CABALLERO CARVEN NAVY,49,Tallax2,"Talla: 46,Talla: 46"
__import__.product_template_1611_10,Leva 1611-10,64,Tallax2,"Talla: 46,Talla: 46"
__import__.product_template_1611_11,Leva 1611-11,64,Tallax2,"Talla: 46,Talla: 46"
__import__.product_template_1611_9,Leva 1611-9,64,Tallax2,"Talla: 46,Talla: 46"
__import__.product_template_18078_386,Leva 18078-386,64,Tallax2,"Talla: 46,Talla: 46"
__import__.product_template_18078_387,Leva 18078-387,64,Tallax2,"Talla: 46,Talla: 46"
__import__.product_template_18102_449,Leva 18102-449,64,Tallax2,"Talla: 46,Talla: 46"
__import__.product_template_23a0402_1,Leva 23A0402-1,64,Tallax2,"Talla: 46,Talla: 46"
__import__.product_template_23a0402_2,Leva 23A0402-2,64,Tallax2,"Talla: 46,Talla: 46"
__import__.product_template_23a0402_5,Leva 23A0402-5,36,Tallax2,"Talla: 46,Talla: 46"
__import__.product_template_23e4246_12,Leva 23E4246-12,64,Tallax2,"Talla: 46,Talla: 46"
__import__.product_template_23e4246_12_pat,Leva 23E4246-12-PAT,49,Tallax2,"Talla: 46,Talla: 46"
__import__.product_template_23e4246_13_pat,Leva 23E4246-13-PAT,49,Tallax2,"Talla: 48,Talla: 48"
__import__.product_template_23e4246_15_pat,Leva 23E4246-15-PAT,64,Tallax2,"Talla: 46,Talla: 46"
__import__.product_template_23e4246_16,Leva 23E4246-16,64,Tallax2,"Talla: 46,Talla: 46"
__import__.product_template_23e4246_16_pat,Leva 23E4246-16-PAT,64,Tallax2,"Talla: 46,Talla: 46"
__import__.product_template_23e4246_4,Leva 23E4246-4,64,Tallax2,"Talla: 46,Talla: 46"
__import__.product_template_23e4246_4_pat,Leva 23E4246-4-PAT,64,Tallax2,"Talla: 46,Talla: 46"
__import__.product_template_24b11398_157,Leva 24B11398-157,64,Tallax2,"Talla: 46,Talla: 46"
__import__.product_template_dk5007_47,Leva DK5007-47,64,Tallax2,"Talla: 46,Talla: 46"
__import__.product_template_dk5007_55,Leva DK5007-55,64,Tallax2,"Talla: 46,Talla: 46"
__import__.product_template_fa_35_1071_ht,Leva FA-35-1071-HT,16,Tallax2,"Talla: 36,Talla: 36"
__import__.product_template_fa_35_1071_sd,Leva FA-35-1071-SD,36,Tallax2,"Talla: 46,Talla: 46"
__import__.product_template_fa_35_1071_wi,Leva FA-35-1071-WI,36,Tallax2,"Talla: 46,Talla: 46"
__import__.product_template_fa_35_1073_nv,Leva FA-35-1073-NV,36,Tallax2,"Talla: 46,Talla: 46"
__import__.product_template_fa_35_1073_sk,Leva FA-35-1073-SK,36,Tallax2,"Talla: 46,Talla: 46"
__import__.product_template_fa_35_1073_wi,Leva FA-35-1073-WI,36,Tallax2,"Talla: 46,Talla: 46"
__import__.product_template_geo1982_1,Leva GEO1982-1,64,Tallax2,"Talla: 46,Talla: 46"
__import__.product_template_geo1982_4,Leva GEO1982-4,64,Tallax2,"Talla: 46,Talla: 46"
__import__.product_template_hd19152_23,Leva HD19152-23,64,Tallax2,"Talla: 46,Talla: 46"
__import__.product_template_hd19152_4,Leva HD19152-4,64,Tallax2,"Talla: 46,Talla: 46"
__import__.product_template_lv_18078_382,Leva LV-18078-382,4,Tallax2,"Talla: 56,Talla: 56"
__import__.product_template_lv_22c0905_4c,Leva LV-22C0905-4C,25,Tallax2,"Talla: 48,Talla: 48"
__import__.product_template_lv_23e312010_3,Leva LV-23E312010-3,4,Tallax2,"Talla: 52,Talla: 52"
__import__.product_template_lv_smoking_1bc,Leva LV-SMOKING-1BC,16,Tallax2,"Talla: 50,Talla: 50"
__import__.product_template_bl_se9021_bl,M. BLUSA P/DAMA BLACK,9,Tallax2,"Talla: S,Talla: S"
__import__.product_template_23241_fuc,M. BLUSA P/DAMA FUCSIA,9,Tallax2,"Talla: S,Talla: S"
__import__.product_template_bl_mali,M. BLUSA P/DAMA FUCSIA / NEGRO,9,Tallax2,"Talla: S,Talla: S"
__import__.product_template_bl_calif,M. BLUSA P/DAMA LADRILLO ESTAM. / CALIFORNIA ROJO BLANCO,9,Tallax2,"Talla: S,Talla: S"
__import__.product_template_bl_capri_mopa,M. BLUSA P/DAMA VERDE / NEGRO / BLANCO,9,Tallax2,"Talla: S,Talla: S"
__import__.product_template_swt7991_wh,M. BLUSA P/DAMA WHITE,9,Tallax2,"Talla: S,Talla: S"
__import__.product_template_t8529_wh,M. BLUSA P/DAMAS BLANCA,9,Tallax2,"Talla: S,Talla: S"
__import__.product_template_bl_amanecer,M. BLUSA ROSA AMANECER,4,Tallax2,"Talla: M,Talla: M"
__import__.product_template_cam_nap_ov_az,M. CAMISA P/DAMA NAPOLI OVERSIDE AZUL,4,Tallax2,"Talla: S,Talla: S"
__import__.product_template_cam_nap_ov_bg,M. CAMISA P/DAMA NAPOLI OVERSIDE BEIGE,4,Tallax2,"Talla: S,Talla: S"
__import__.product_template_ch_ml_ryg,M. CHALECO MILANO RAYA GRIS,9,Tallax2,"Talla: S,Talla: S"
__import__.product_template_cr,M. COLLARES P/DAMA VARIOS MODELOS,25,Tallax2,"Talla: 15,Talla: 15"
__import__.product_template_de106,M. ENTERIZO ALFORZAS BLANCO AZUL,9,Tallax2,"Talla: S,Talla: S"
__import__.product_template_ent_harper,M. ENTERIZO CELESTE ESTAMP / LILA ESTAMAP,9,Tallax2,"Talla: S,Talla: S"
__import__.product_template_et_lucero_mo_bl,M. ENTERIZO LUCERO P/DAMA MORADO BLANCO,4,Tallax2,"Talla: S,Talla: S"
__import__.product_template_de107,M. ENTERIZO NEGRO,9,Tallax2,"Talla: S,Talla: S"
__import__.product_template_ent_greta_m,M. ENTERIZO P/DAMA ROJO / NEGRO,9,Tallax2,"Talla: S,Talla: S"
__import__.product_template_de111,M. ENTERIZO SOCALO ESTAMPADO,9,Tallax2,"Talla: S,Talla: S"
__import__.product_template_fl_nohemi_li_rj,M. FALDA NOHEMI P/DAMA LILA ROJO,9,Tallax2,"Talla: S,Talla: S"
__import__.product_template_ds041_ne,M. FALDA SHORT NEGRO P/DAMA,9,Tallax2,"Talla: S,Talla: S"
__import__.product_template_ds041_ro,M. FALDA SHORT ROSA P/DAMA,9,Tallax2,"Talla: S,Talla: S"
__import__.product_template_pat_al_azm,M. PANTALON AZUL MARINO,25,Tallax2,"Talla: XS,Talla: XS"
__import__.product_template_pant_cairo_m,M. PANTALON LINO P/DAMA BEIGE / LADRILLO /NEGRO /VERDE ESTAMP,9,Tallax2,"Talla: S,Talla: S"
__import__.product_template_pant_renata,M. PANTALON P/DAMA BLANCO / NEGRO,9,Tallax2,"Talla: S,Talla: S"
__import__.product_template_pant_lauren,M. PANTALON P/DAMA NEGRO / BLANCO,9,Tallax2,"Talla: S,Talla: S"
__import__.product_template_p8539_ne,M. PANTALON P/DAMA NEGRO RAYAS,9,Tallax2,"Talla: S,Talla: S"
__import__.product_template_r719_bg,M. PANTALON P/DAMAS BEIGE,9,Tallax2,"Talla: S,Talla: S"
__import__.product_template_r719_ne,M. PANTALON P/DAMAS NEGRO,9,Tallax2,"Talla: S,Talla: S"
__import__.product_template_r679_pr,M. PANTALON P/DAMAS PALO ROSA,9,Tallax2,"Talla: S,Talla: S"
__import__.product_template_pt_pilar_li,M. PANTALON PILAR P/DAMA LILA,9,Tallax2,"Talla: S,Talla: S"
__import__.product_template_pt_pilar_mo,M. PANTALON PILAR P/DAMA MORADO,9,Tallax2,"Talla: S,Talla: S"
__import__.product_template_r738_bg,M. PANTALON SUBLIME P/DAMA BEIGE,9,Tallax2,"Talla: S,Talla: S"
__import__.product_template_ref_aida_hb,M. SET MOPA HABANO,4,Tallax2,"Talla: S,Talla: S"
__import__.product_template_set_europa_ne,M. SET P/DAMA NEGRO EUROPA,4,Tallax2,"Talla: S,Talla: S"
__import__.product_template_set_aries_rs,M. SET P/DAMA ROSA ARIES,4,Tallax2,"Talla: M,Talla: M"
__import__.product_template_sh_ml_ryg,M. SHORT MILANO RAYA GRIS,9,Tallax2,"Talla: S,Talla: S"
__import__.product_template_p2310_bg,M. SHORT P/DAMA BEIGE,9,Tallax2,"Talla: S,Talla: S"
__import__.product_template_sh_se9021_bl,M. SHORT P/DAMA BLACK,9,Tallax2,"Talla: S,Talla: S"
__import__.product_template_p2310_bl,M. SHORT P/DAMA BLACK (p2310_bl),9,Tallax2,"Talla: S,Talla: S"
__import__.product_template_sh_se9011_la,M. SHORT P/DAMA LAVENDER,9,Tallax2,"Talla: S,Talla: S"
__import__.product_template_sh_nap_wh_az,M. SHORT P/DAMA NAPOLE BLANCO/AZUL,16,Tallax2,"Talla: XS,Talla: XS"
__import__.product_template_sh_nap_wh_bg,M. SHORT P/DAMA NAPOLE BLANCO/BEIGE,16,Tallax2,"Talla: XS,Talla: XS"
__import__.product_template_sh_se9021_ol,M. SHORT P/DAMA OLIVE,9,Tallax2,"Talla: S,Talla: S"
__import__.product_template_p2310_or,M. SHORT P/DAMA ORANGE,9,Tallax2,"Talla: S,Talla: S"
__import__.product_template_top_amb,M. TOP AMBAR BLANCO / VERDE / FUCSIA,9,Tallax2,"Talla: S,Talla: S"
__import__.product_template_dbz1_bl,M. TOP FLOR P/DAMA BLACK,9,Tallax2,"Talla: S,Talla: S"
__import__.product_template_dbz1_fu,M. TOP FLOR P/DAMA FUCSIA,9,Tallax2,"Talla: S,Talla: S"
__import__.product_template_dbz1_wh,M. TOP FLOR P/DAMA WHITE,9,Tallax2,"Talla: S,Talla: S"
__import__.product_template_top_galilei_na,M. TOP NEGRO GALILEI,9,Tallax2,"Talla: S,Talla: S"
__import__.product_template_top_ol_azm,M. TOP OLIVIA AZUL MARINO,25,Tallax2,"Talla: XS,Talla: XS"
__import__.product_template_swt7470_li,M. TOP P/DAMA KNIT VISCOSE LIME,9,Tallax2,"Talla: S,Talla: S"
__import__.product_template_top_sandy,M. TOP P/DAMA ROSA / AZUL,9,Tallax2,"Talla: S,Talla: S"
__import__.product_template_swt70072_wh,M. TOP P/DAMAS BLANCA,9,Tallax2,"Talla: S,Talla: S"
__import__.product_template_swt70205_gr,M. TOP P/DAMAS GRIS,9,Tallax2,"Talla: S,Talla: S"
__import__.product_template_swt7000a_na,M. TOP P/DAMAS NARANJA,9,Tallax2,"Talla: S,Talla: S"
__import__.product_template_swt70072_ro,M. TOP P/DAMAS ROSA,9,Tallax2,"Talla: S,Talla: S"
__import__.product_template_swt70255_ro,M. TOP P/DAMAS ROSA (swt70255_ro),9,Tallax2,"Talla: S,Talla: S"
__import__.product_template_tp_silvia_mo_az,M. TOP SILVIA P/DAMA MORADO AZUL,4,Tallax2,"Talla: M,Talla: M"
__import__.product_template_ref_amira_es_az,M. VESTIDO ESTAMPADO LILA,4,Tallax2,"Talla: S,Talla: S"
__import__.product_template_ref_vera_ve,M. VESTIDO ESTAMPADO VERDE,4,Tallax2,"Talla: M,Talla: M"
__import__.product_template_ref_hortensia_vi,M. VESTIDO ESTAMPADO VINO,4,Tallax2,"Talla: L,Talla: L"
__import__.product_template_ve_izar_nara,M. VESTIDO MAGENTA IZAR,4,Tallax2,"Talla: S,Talla: S"
__import__.product_template_ref_roxana_az,M. VESTIDO MOPA AZUL,9,Tallax2,"Talla: S,Talla: S"
__import__.product_template_ref_ivana_je,M. VESTIDO MOPA JEANS,9,Tallax2,"Talla: S,Talla: S"
__import__.product_template_ref_leila_li,M. VESTIDO MOPA LINO ESTAMPADO,16,Tallax2,"Talla: S,Talla: S"
__import__.product_template_ref_narel_ne,M. VESTIDO MOPA NEGRO,9,Tallax2,"Talla: S,Talla: S"
__import__.product_template_ref_elena_rj,M. VESTIDO MOPA ROJO,4,Tallax2,"Talla: M,Talla: M"
__import__.product_template_ref_clavel_ro,M. VESTIDO MOPA ROSADO,4,Tallax2,"Talla: S,Talla: S"
__import__.product_template_ref_clavel_ve,M. VESTIDO MOPA VERDE (ref_clavel_ve),4,Tallax2,"Talla: S,Talla: S"
__import__.product_template_ve_gena_m,M. VESTIDO P/DAMA ACEITUNA / BLANCO,9,Tallax2,"Talla: S,Talla: S"
__import__.product_template_ve_dafne_m,M. VESTIDO P/DAMA AZUL / BLANCO,9,Tallax2,"Talla: S,Talla: S"
__import__.product_template_ve_lourde,M. VESTIDO P/DAMA BLANCO / NEGRO,9,Tallax2,"Talla: S,Talla: S"
__import__.product_template_ve_ginebra_fu,M. VESTIDO P/DAMA GINEBRA FUCSIA ROSA,9,Tallax2,"Talla: S,Talla: S"
__import__.product_template_fd9223_p1009_in_ga,M. VESTIDO P/DAMA INDIGO GARDEN,9,Tallax2,"Talla: S,Talla: S"
__import__.product_template_ve_lena,M. VESTIDO P/DAMA LILA / BEIGE,9,Tallax2,"Talla: S,Talla: S"
__import__.product_template_ve_abril_li,M. VESTIDO P/DAMA LINO BLANCO/VERDE,9,Tallax2,"Talla: S,Talla: S"
__import__.product_template_ve_malu_mo,M. VESTIDO P/DAMA MALU MORADO ROJO,4,Tallax2,"Talla: S,Talla: S"
__import__.product_template_ve_lirata,M. VESTIDO P/DAMA MAMEY,9,Tallax2,"Talla: S,Talla: S"
__import__.product_template_fd4571_p413_ma_bl,M. VESTIDO P/DAMA MAUVE BLUSH,9,Tallax2,"Talla: S,Talla: S"
__import__.product_template_ve_anahi_n,M. VESTIDO P/DAMA NARANJA ROSA CORAL / NAVY,9,Tallax2,"Talla: S,Talla: S"
__import__.product_template_ve_paris_am_bl,M. VESTIDO P/DAMA PARIS AMARILLO BLANCO,9,Tallax2,"Talla: S,Talla: S"
__import__.product_template_ve_nathali,M. VESTIDO P/DAMA ROSA ESTAMPADO,9,Tallax2,"Talla: S,Talla: S"
__import__.product_template_fd11046_sg,M. VESTIDO P/DAMA SUMMER GREEN,9,Tallax2,"Talla: S,Talla: S"
__import__.product_template_fd10659_p1026_an_ja,M. VESTIDO P/DAMA WASHED ANTIQUE JADE,9,Tallax2,"Talla: S,Talla: S"
__import__.product_template_d2114_b_wh_br,M. VESTIDO P/DAMA WASHED FLORAL WHITE BROWN,9,Tallax2,"Talla: S,Talla: S"
__import__.product_template_fd2965_p1348_wh,M. VESTIDO P/DAMAS BLANCO,9,Tallax2,"Talla: S,Talla: S"
__import__.product_template_fd8763_ro,M. VESTIDO P/DAMAS ESTAMPADO ROSA,9,Tallax2,"Talla: S,Talla: S"
__import__.product_template_fd11476_p1371_ve,M. VESTIDO P/DAMAS VERDE CAFÉ,9,Tallax2,"Talla: S,Talla: S"
__import__.product_template_ref_margarita_am,M. VESTIDO UNICOLOR AMARILLO,9,Tallax2,"Talla: S,Talla: S"
__import__.product_template_nt_s20220403_red,MALETA CARRY ON NAUTICA RED PEQUEÑA,4,Tallax2,"Talla: S,Talla: S"
__import__.product_template_pt_carol_azn_consig,PANTALON CAROLINA AZUL MARINO,25,Tallax2,"Talla: XS,Talla: XS"
__import__.product_template_pt_carol_wht_consig,PANTALON CAROLINA WHITE,25,Tallax2,"Talla: XS,Talla: XS"
__import__.product_template_pant_capri_blue,PANTALON CON ELASTICO CAPRI AZUL,9,Tallax2,"Talla: S,Talla: S"
__import__.product_template_pant_capri_beige,PANTALON CON ELASTICO CAPRI BEIGE,9,Tallax2,"Talla: XS,Talla: XS"
__import__.product_template_pant_capri_blanco,PANTALON CON ELASTICO CAPRI BLANCO,16,Tallax2,"Talla: XS,Talla: XS"
__import__.product_template_pant_capri_black,PANTALON CON ELASTICO CAPRI NEGRO,9,Tallax2,"Talla: S,Talla: S"
__import__.product_template_pant_palma_mo,PANTALON DE DAMA PALMA VERDE/KAKY,9,Tallax2,"Talla: S,Talla: S"
__import__.product_template_pant_milano_beige,PANTALON ELEGANTE MILANO BEIGE,25,Tallax2,"Talla: XS,Talla: XS"
__import__.product_template_pant_milano_blanco,PANTALON ELEGANTE MILANO BLANCO,16,Tallax2,"Talla: XS,Talla: XS"
__import__.product_template_pant_milano_black,PANTALON ELEGANTE MILANO NEGRO,9,Tallax2,"Talla: S,Talla: S"
__import__.product_template_007_zoley_pant,PANTALON LINO ZOLEY ARENA,4,Tallax2,"Talla: M,Talla: M"
__import__.product_template_pant_milano_pr,PANTALON MILANO PRINT,9,Tallax2,"Talla: XS,Talla: XS"
__import__.product_template_r679,PANTALON NEGRO - FUSHA S-M-L,16,Tallax2,"Talla: S,Talla: S"
__import__.product_template_pant_cien_bg,PANTALON P/DAMA CIEN BEIGE,9,Tallax2,"Talla: S,Talla: S"
__import__.product_template_pant_cien_wh,PANTALON P/DAMA CIEN WHITE,9,Tallax2,"Talla: S,Talla: S"
__import__.product_template_pant_sublim_bge,PANTALON P/DAMA SUBLIME BEIGE,9,Tallax2,"Talla: S,Talla: S"
__import__.product_template_pant_sublim_bl,PANTALON P/DAMA SUBLIME BLACK,9,Tallax2,"Talla: S,Talla: S"
__import__.product_template_pant_sub_cn_bge,PANTALON P/DAMA SUBLIME CINTA BEIGE,9,Tallax2,"Talla: S,Talla: S"
__import__.product_template_pant_sub_cn_bl,PANTALON P/DAMA SUBLIME CINTA BLACK,9,Tallax2,"Talla: S,Talla: S"
__import__.product_template_pant_sublim_rd,PANTALON P/DAMA SUBLIME RED,9,Tallax2,"Talla: S,Talla: S"
__import__.product_template_pant_roma_az,PANTALON ROMA AZUL,25,Tallax2,"Talla: XS,Talla: XS"
__import__.product_template_pant_roma_cl,PANTALON ROMA CELESTE,16,Tallax2,"Talla: XS,Talla: XS"
__import__.product_template_pt_tahiri,PANTALON TAHIRI LILA T.S-M,4,Tallax2,"Talla: S,Talla: S"
__import__.product_template_pul,PULSERA DE DAMAS,4,Tallax2,"Talla: 12,Talla: 10"
__import__.product_template_pt_008_14,Pantalon PT-008-14,64,Tallax2,"Talla: 30,Talla: 30"
__import__.product_template_pt_008_3,Pantalon PT-008-3,64,Tallax2,"Talla: 30,Talla: 30"
__import__.product_template_pt_008_bg_black,Pantalon PT-008-BG-BLACK,49,Tallax2,"Talla: 46,Talla: 46"
__import__.product_template_pt_008_black,Pantalon PT-008-BLACK,100,Tallax2,"Talla: 60,Talla: 60"
__import__.product_template_pt_008_black_1,Pantalon PT-008-BLACK-1,36,Tallax2,"Talla: 28,Talla: 30"
__import__.product_template_pt_10036a_18_217b,Pantalon PT-10036A-18-217B,36,Tallax2,"Talla: 30,Talla: 30"
__import__.product_template_pt_10036a_18_498,Pantalon PT-10036A-18-498,49,Tallax2,"Talla: 28,Talla: 30"
__import__.product_template_pt_17001_5,Pantalon PT-17001-5,36,Tallax2,"Talla: 30,Talla: 30"
__import__.product_template_pt_17001_7,Pantalon PT-17001-7,49,Tallax2,"Talla: 28,Talla: 30"
__import__.product_template_pt_22c0905_4c,Pantalon PT-22C0905-4C,36,Tallax2,"Talla: 28,Talla: 30"
__import__.product_template_pt_23a1516_6,Pantalon PT-23A1516-6,49,Tallax2,"Talla: 30,Talla: 30"
__import__.product_template_pt_23a29607_32,Pantalon PT-23A29607-32,49,Tallax2,"Talla: 30,Talla: 30"
__import__.product_template_pt_23c25168_220,Pantalon PT-23C25168-220,9,Tallax2,"Talla: 48,Talla: 48"
__import__.product_template_pt_23c29386_86,Pantalon PT-23C29386-86,64,Tallax2,"Talla: 48,Talla: 48"
__import__.product_template_pt_23c29386_88,Pantalon PT-23C29386-88,49,Tallax2,"Talla: 30,Talla: 30"
__import__.product_template_pt_23e312010_4,Pantalon PT-23E312010-4,9,Tallax2,"Talla: 28,Talla: 30"
__import__.product_template_pt_23e312010_8,Pantalon PT-23E312010-8,49,Tallax2,"Talla: 30,Talla: 30"
__import__.product_template_pt_24c28061_76,Pantalon PT-24C28061-76,9,Tallax2,"Talla: 30,Talla: 30"
__import__.product_template_pt_24c29918_20,Pantalon PT-24C29918-20,4,Tallax2,"Talla: 30,Talla: 30"
__import__.product_template_pt_25e27122_42,Pantalon PT-25E27122-42,9,Tallax2,"Talla: 34,Talla: 34"
__import__.product_template_pt_3705_25,Pantalon PT-3705-25,4,Tallax2,"Talla: 10,Talla: 10"
__import__.product_template_pt_6158_a7,Pantalon PT-6158-A7,16,Tallax2,"Talla: 30,Talla: 30"
__import__.product_template_pt_9c29386_80,Pantalon PT-9C29386-80,9,Tallax2,"Talla: 28,Talla: 32"
__import__.product_template_set_canela_crd,SET CANELA CRUDO,9,Tallax2,"Talla: S,Talla: S"
__import__.product_template_set_chris_wh,SET CHRISTINE WHITE,9,Tallax2,"Talla: M,Talla: M"
__import__.product_template_set_dana_nvy,SET DANA NAVY,4,Tallax2,"Talla: M,Talla: M"
__import__.product_template_set_cien_bl,SET VEST & PANT CIEN BLACK,9,Tallax2,"Talla: S,Talla: S"
__import__.product_template_sh_cami_azn_consig,SHORT CAMI AZUL MARINO,25,Tallax2,"Talla: XS,Talla: XS"
__import__.product_template_sh_cami_wht_consig,SHORT CAMI WHITE,25,Tallax2,"Talla: XS,Talla: XS"
__import__.product_template_003_zoley_sh,SHORT ZOLEY LINO VERDE,9,Tallax2,"Talla: M,Talla: M"
__import__.product_template_bl_str_grn,T SHIRT STRETCH GREEN MINT,4,Tallax2,"Talla: S,Talla: S"
__import__.product_template_tp_alma,TOP ALMA LILA T.S-M,4,Tallax2,"Talla: S,Talla: S"
__import__.product_template_016_zoley_top,TOP DAMA ZOLEY FUCSIA Y BLANCO,4,Tallax2,"Talla: M,Talla: M"
__import__.product_template_top_halneck_ivo,TOP HALTER NECK IVORY,9,Tallax2,"Talla: S,Talla: S"
__import__.product_template_007_zoley_top,TOP LINO ZOLEY ARENA,4,Tallax2,"Talla: M,Talla: M"
__import__.product_template_top_lsleves_nta,TOP LONG SLEEVES NAVY TAUPE,9,Tallax2,"Talla: S,Talla: S"
__import__.product_template_top_vilma_f,TOP MOPA ROJO-BLANCO-FUCSIA,9,Tallax2,"Talla: S,Talla: S"
__import__.product_template_top_vilma_b,TOP MOPA ROJO-BLANCO-FUCSIA (top_vilma_b),9,Tallax2,"Talla: S,Talla: S"
__import__.product_template_top_vilma_ro,TOP MOPA ROJO-BLANCO-FUCSIA (top_vilma_ro),25,Tallax2,"Talla: S,Talla: S"
__import__.product_template_top_oshoul_bl,TOP ONE SHOULD BLACK,9,Tallax2,"Talla: S,Talla: S"
__import__.product_template_top_oshoul_dnvy,TOP ONE SHOULD DARK NAVY,9,Tallax2,"Talla: S,Talla: S"
__import__.product_template_top_fanny_ro,TOP P/DAMA MOPA ROJO,9,Tallax2,"Talla: M,Talla: M"
__import__.product_template_top_fanny_ve,TOP P/DAMA MOPA VERDE,9,Tallax2,"Talla: M,Talla: M"
__import__.product_template_top_rayon_mm,TOP RAYON MOCHA MOUSSE,9,Tallax2,"Talla: S,Talla: S"
__import__.product_template_top_sleves_bl,TOP SLEVES BLACK,9,Tallax2,"Talla: S,Talla: S"
__import__.product_template_top_sleves_burg,TOP SLEVES BURGUNDY,9,Tallax2,"Talla: S,Talla: S"
__import__.product_template_top_sleves_esm,TOP SLEVES KNIT EMERALD,9,Tallax2,"Talla: S,Talla: S"
__import__.product_template_t1532,TOP-BLACK P/DAMAS,9,Tallax2,"Talla: S,Talla: S"
__import__.product_template_j5530_black,TWEED JACKET-100% POLYESTER-BLACK,9,Tallax2,"Talla: S,Talla: S"
__import__.product_template_j5508_black,TWEED JACKET-100% POLYESTER-BLACK (j5508_black),9,Tallax2,"Talla: S,Talla: S"
__import__.product_template_j5519_white,TWO BUTTON JACKET -100% POLYESTER BLACK-WHITE,9,Tallax2,"Talla: S,Talla: S"
__import__.product_template_j5519_black,TWO BUTTON JACKET -100% POLYESTER BLACK-WHITE (j5519_black),9,Tallax2,"Talla: S,Talla: S"
__import__.product_template_008_14bc_2,Terno 008-14BC-2,49,Tallax2,"Talla: 46,Talla: 46"
__import__.product_template_008_3bc_1,Terno 008-3BC-1,49,Tallax2,"Talla: 46,Talla: 46"
__import__.product_template_10036a_18_216bc_2,Terno 10036A-18-216BC-2,49,Tallax2,"Talla: 46,Talla: 46"
__import__.product_template_10036a_18_217bc_2,Terno 10036A-18-217BC-2,49,Tallax2,"Talla: 46,Talla: 46"
__import__.product_template_10036a_18_498_bc_2,Terno 10036A-18-498-BC-2,49,Tallax2,"Talla: 46,Talla: 46"
__import__.product_template_10036a_8_495_bc_2,Terno 10036A-8-495-BC-2,49,Tallax2,"Talla: 46,Talla: 46"
__import__.product_template_17001_10bc_2,Terno 17001-10BC-2,49,Tallax2,"Talla: 46,Talla: 46"
__import__.product_template_17001_7_bc_2,Terno 17001-7-BC-2,49,Tallax2,"Talla: 46,Talla: 46"
__import__.product_template_17001_8_bc_2,Terno 17001-8-BC-2,49,Tallax2,"Talla: 46,Talla: 46"
__import__.product_template_18078_382_bc_2,Terno 18078-382-BC-2,49,Tallax2,"Talla: 46,Talla: 46"
__import__.product_template_22c27428_67bc_2,Terno 22C27428-67BC-2,49,Tallax2,"Talla: 46,Talla: 46"
__import__.product_template_22c27428_69bc_2,Terno 22C27428-69BC-2,49,Tallax2,"Talla: 46,Talla: 46"
__import__.product_template_23a1516_6bc_2,Terno 23A1516-6BC-2,169,Tallax2,"Talla: 46,Talla: 46"
__import__.product_template_23a29607_32bc_2,Terno 23A29607-32BC-2,49,Tallax2,"Talla: 46,Talla: 46"
__import__.product_template_23a700112_12bc_2,Terno 23A700112-12BC-2,49,Tallax2,"Talla: 46,Talla: 46"
__import__.product_template_23b11210_100bc_2,Terno 23B11210-100BC-2,49,Tallax2,"Talla: 46,Talla: 46"
__import__.product_template_23c25168_220bc_2,Terno 23C25168-220BC-2,169,Tallax2,"Talla: 46,Talla: 46"
__import__.product_template_23c29118_16bc_2,Terno 23C29118-16BC-2,49,Tallax2,"Talla: 46,Talla: 46"
__import__.product_template_23c29386_86bc_2,Terno 23C29386-86BC-2,25,Tallax2,"Talla: 62,Talla: 62"
__import__.product_template_23e2780_n_bc_2,Terno 23E2780-N-BC-2,49,Tallax2,"Talla: 46,Talla: 46"
__import__.product_template_23e312010_1bc_2,Terno 23E312010-1BC-2,49,Tallax2,"Talla: 46,Talla: 46"
__import__.product_template_23e312010_3bc_2,Terno 23E312010-3BC-2,49,Tallax2,"Talla: 46,Talla: 46"
__import__.product_template_23e312010_4bc_2,Terno 23E312010-4BC-2,49,Tallax2,"Talla: 46,Talla: 46"
__import__.product_template_23e312010_8bc_2,Terno 23E312010-8BC-2,49,Tallax2,"Talla: 46,Talla: 46"
__import__.product_template_23e3705_25bc_2,Terno 23E3705-25BC-2,49,Tallax2,"Talla: 46,Talla: 46"
__import__.product_template_23e5296_4bc_2,Terno 23E5296-4BC-2,49,Tallax2,"Talla: 46,Talla: 46"
__import__.product_template_23e9919_95bc_2,Terno 23E9919-95BC-2,49,Tallax2,"Talla: 46,Talla: 46"
__import__.product_template_24b11210_100bc_2,Terno 24B11210-100BC-2,49,Tallax2,"Talla: 46,Talla: 46"
__import__.product_template_24b3931_1bc_2,Terno 24B3931-1BC-2,49,Tallax2,"Talla: 46,Talla: 46"
__import__.product_template_24c25168_219_bc_2,Terno 24C25168-219-BC-2,49,Tallax2,"Talla: 46,Talla: 46"
__import__.product_template_24c27428_65_bc_2,Terno 24C27428-65-BC-2,49,Tallax2,"Talla: 46,Talla: 46"
__import__.product_template_24c28061_76bc_2,Terno 24C28061-76BC-2,49,Tallax2,"Talla: 46,Talla: 46"
__import__.product_template_24c29118_12bc_2,Terno 24C29118-12BC-2,36,Tallax2,"Talla: 60,Talla: 60"
__import__.product_template_24c29918_10_bc_2,Terno 24C29918-10-BC-2,49,Tallax2,"Talla: 46,Talla: 46"
__import__.product_template_24c29918_12_bc_2,Terno 24C29918-12-BC-2,49,Tallax2,"Talla: 46,Talla: 46"
__import__.product_template_24c29918_13_bc_2,Terno 24C29918-13-BC-2,49,Tallax2,"Talla: 46,Talla: 46"
__import__.product_template_24c29918_15_bc_2,Terno 24C29918-15-BC-2,49,Tallax2,"Talla: 46,Talla: 46"
__import__.product_template_24c29918_16_bc_2,Terno 24C29918-16-BC-2,49,Tallax2,"Talla: 46,Talla: 46"
__import__.product_template_24c29918_19_bc_2,Terno 24C29918-19-BC-2,49,Tallax2,"Talla: 46,Talla: 46"
__import__.product_template_24c29918_20_bc_2,Terno 24C29918-20-BC-2,49,Tallax2,"Talla: 46,Talla: 46"
__import__.product_template_24e2712_3bc_2,Terno 24E2712-3BC-2,169,Tallax2,"Talla: 46,Talla: 46"
__import__.product_template_24e312010_6bc_2,Terno 24E312010-6BC-2,49,Tallax2,"Talla: 46,Talla: 46"
__import__.product_template_24e510097_5bc_2,Terno 24E510097-5BC-2,169,Tallax2,"Talla: 46,Talla: 46"
__import__.product_template_24es296_4_bc_2,Terno 24ES296-4-BC-2,16,Tallax2,"Talla: 46,Talla: 46"
__import__.product_template_25b231291_1bc_2,Terno 25B231291-1BC-2,49,Tallax2,"Talla: 46,Talla: 46"
__import__.product_template_25b231291_24bc_2,Terno 25B231291-24BC-2,49,Tallax2,"Talla: 46,Talla: 46"
__import__.product_template_25c0905_101bc_2,Terno 25C0905-101BC-2,49,Tallax2,"Talla: 46,Talla: 46"
__import__.product_template_25c0905_11bc_2,Terno 25C0905-11BC-2,49,Tallax2,"Talla: 46,Talla: 46"
__import__.product_template_25c0905_25bc_2,Terno 25C0905-25BC-2,49,Tallax2,"Talla: 46,Talla: 46"
__import__.product_template_25c0905_81bc_2,Terno 25C0905-81BC-2,49,Tallax2,"Talla: 46,Talla: 46"
__import__.product_template_25c29118_10bc_2,Terno 25C29118-10BC-2,49,Tallax2,"Talla: 46,Talla: 46"
__import__.product_template_25c29118_13bc_2,Terno 25C29118-13BC-2,49,Tallax2,"Talla: 46,Talla: 46"
__import__.product_template_25c29375_56bc_2,Terno 25C29375-56BC-2,49,Tallax2,"Talla: 46,Talla: 46"
__import__.product_template_25c35289_93bc_2,Terno 25C35289-93BC-2,49,Tallax2,"Talla: 46,Talla: 46"
__import__.product_template_25e27112_6bc_2,Terno 25E27112-6BC-2,49,Tallax2,"Talla: 46,Talla: 46"
__import__.product_template_25e27122_42bc_2,Terno 25E27122-42BC-2,49,Tallax2,"Talla: 46,Talla: 46"
__import__.product_template_c008_black_2_bc_2,Terno C008-BLACK-2-BC-2,49,Tallax2,"Talla: 46,Talla: 46"
__import__.product_template_c24es296_4_bc_2,Terno C24ES296-4-BC-2,36,Tallax2,"Talla: 46,Talla: 46"
__import__.product_template_c25b231291_24bc_2,Terno C25B231291-24BC-2,25,Tallax2,"Talla: 50,Talla: 50"
__import__.product_template_c25c0905_11bc_2,Terno C25C0905-11BC-2,49,Tallax2,"Talla: 46,Talla: 46"
__import__.product_template_c25c0905_25bc_2,Terno C25C0905-25BC-2,9,Tallax2,"Talla: 46,Talla: 46"
__import__.product_template_c25c29118_13bc_2,Terno C25C29118-13BC-2,49,Tallax2,"Talla: 46,Talla: 46"
__import__.product_template_cb_h20_005nv,Terno CB-H20-005NV,36,Tallax2,"Talla: 30,Talla: 30"
__import__.product_template_cb_h22_006bw,Terno CB-H22-006BW,36,Tallax2,"Talla: 30,Talla: 30"
__import__.product_template_cb_h22_006nv,Terno CB-H22-006NV,64,Tallax2,"Talla: 30,Talla: 30"
__import__.product_template_cv_l20_001gr_c,Terno CV-L20-001GR-C,49,Tallax2,"Talla: 30,Talla: 30"
__import__.product_template_cv_l20_002bl_f,Terno CV-L20-002BL-F,49,Tallax2,"Talla: 30,Talla: 30"
__import__.product_template_cv_l20_002bu_c,Terno CV-L20-002BU-C,49,Tallax2,"Talla: 30,Talla: 30"
__import__.product_template_cv_l20_002ch_c,Terno CV-L20-002CH-C,49,Tallax2,"Talla: 30,Talla: 30"
__import__.product_template_cv_l20_002ltgr_c,Terno CV-L20-002LTGR-C,49,Tallax2,"Talla: 30,Talla: 30"
__import__.product_template_cv_l20_002nv_c,Terno CV-L20-002NV-C,49,Tallax2,"Talla: 30,Talla: 30"
__import__.product_template_cv_t11_031_gr,Terno CV-T11-031-GR,49,Tallax2,"Talla: 46,Talla: 46"
__import__.product_template_cv_t11_031_nv,Terno CV-T11-031-NV,49,Tallax2,"Talla: 46,Talla: 46"
__import__.product_template_fa_20_678u_ch,Terno FA-20-678U-CH,25,Tallax2,"Talla: 30,Talla: 30"
__import__.product_template_fa_33_1000f_nv,Terno FA-33-1000F-NV,9,Tallax2,"Talla: 46,Talla: 46"
__import__.product_template_fa_33_1000f_sl,Terno FA-33-1000F-SL,9,Tallax2,"Talla: 38,Talla: 38"
__import__.product_template_fa_33_1001f_burg,Terno FA-33-1001F-BURG,16,Tallax2,"Talla: 46,Talla: 46"
__import__.product_template_fa_33_1035br,Terno FA-33-1035BR,36,Tallax2,"Talla: 46,Talla: 46"
__import__.product_template_fa_33_999r_nv,Terno FA-33-999R-NV,16,Tallax2,"Talla: 46,Talla: 46"
__import__.product_template_jeans_431f309n,Terno JEANS-431F309N,16,Tallax2,"Talla: 6,Talla: 6"
__import__.product_template_lbpc_b21_101s_ch,Terno LBPC-B21-101S-CH,25,Tallax2,"Talla: 30,Talla: 30"
__import__.product_template_lbpc_b21_101s_ink,Terno LBPC-B21-101S-INK,25,Tallax2,"Talla: 30,Talla: 30"
__import__.product_template_lbpc_b21_101s_ka,Terno LBPC-B21-101S-KA,9,Tallax2,"Talla: 30,Talla: 30"
__import__.product_template_lbpc_b21_101s_nv,Terno LBPC-B21-101S-NV,9,Tallax2,"Talla: 34,Talla: 34"
__import__.product_template_ocbs3100_059,Terno OCBS3100-059,49,Tallax2,"Talla: 30,Talla: 30"
__import__.product_template_opbb0099_250_op,Terno OPBB0099-250.OP,9,Tallax2,"Talla: 30,Talla: 30"
__import__.product_template_opbb0099_413_op,Terno OPBB0099-413.OP,49,Tallax2,"Talla: 30,Talla: 30"
__import__.product_template_opbb2000_281,Terno OPBB2000-281,49,Tallax2,"Talla: 30,Talla: 30"
__import__.product_template_opbs1099_352,Terno OPBS1099-352,49,Tallax2,"Talla: 30,Talla: 30"
__import__.product_template_sp_wht_ba,Terno SP-WHT-BA,36,Tallax2,"Talla: 7.5,Talla: 7.5"
__import__.product_template_tcw30840_az,Terno TCW30840-AZ,16,Tallax2,"Talla: 36,Talla: 36"
__import__.product_template_tl_10_500b,Terno TL-10-500B,36,Tallax2,"Talla: 46,Talla: 46"
__import__.product_template_tl_20_500a,Terno TL-20-500A,36,Tallax2,"Talla: 30,Talla: 30"
__import__.product_template_tl_20_500b,Terno TL-20-500B,36,Tallax2,"Talla: 30,Talla: 30"
__import__.product_template_tl_20_500c,Terno TL-20-500C,25,Tallax2,"Talla: 30,Talla: 30"
__import__.product_template_tl_b23_1103a_a,Terno TL-B23-1103A.A,36,Tallax2,"Talla: 30,Talla: 30"
__import__.product_template_tl_b23_1103b_a,Terno TL-B23-1103B.A,36,Tallax2,"Talla: 30,Talla: 30"
__import__.product_template_tl_b23_1103c_a,Terno TL-B23-1103C.A,36,Tallax2,"Talla: 30,Talla: 30"
__import__.product_template_tl_b23_1103d_a,Terno TL-B23-1103D.A,36,Tallax2,"Talla: 30,Talla: 30"
__import__.product_template_tl_d23_1101a_a,Terno TL-D23-1101A.A,36,Tallax2,"Talla: 30,Talla: 30"
__import__.product_template_tl_d23_1101b_a,Terno TL-D23-1101B.A,36,Tallax2,"Talla: 30,Talla: 30"
__import__.product_template_tl_d23_1101c_a,Terno TL-D23-1101C.A,36,Tallax2,"Talla: 30,Talla: 30"
__import__.product_template_tl_d23_1101d_a,Terno TL-D23-1101D.A,36,Tallax2,"Talla: 30,Talla: 30"
__import__.product_template_tl_d23_1102a_a,Terno TL-D23-1102A.A,36,Tallax2,"Talla: 30,Talla: 30"
__import__.product_template_tl_d23_1102b_a,Terno TL-D23-1102B.A,36,Tallax2,"Talla: 30,Talla: 30"
__import__.product_template_tl_d23_1102c_a,Terno TL-D23-1102C.A,36,Tallax2,"Talla: 30,Talla: 30"
__import__.product_template_tl_d23_1102d_a,Terno TL-D23-1102D.A,36,Tallax2,"Talla: 30,Talla: 30"
__import__.product_template_tl_x25_501a_a,Terno TL-X25-501A.A,36,Tallax2,"Talla: 30,Talla: 30"
__import__.product_template_tl_x25_501b_a,Terno TL-X25-501B.A,36,Tallax2,"Talla: 30,Talla: 30"
__import__.product_template_tl_x25_501c_a,Terno TL-X25-501C.A,36,Tallax2,"Talla: 30,Talla: 30"
__import__.product_template_tl_x25_501d_a,Terno TL-X25-501D.A,36,Tallax2,"Talla: 30,Talla: 30"
__import__.product_template_tl_x25_501f_a,Terno TL-X25-501F.A,36,Tallax2,"Talla: 30,Talla: 30"
__import__.product_template_tl_x25_501g_a,Terno TL-X25-501G.A,36,Tallax2,"Talla: 30,Talla: 30"
__import__.product_template_tl_x25_505b_a,Terno TL-X25-505B.A,4,Tallax2,"Talla: 32,Talla: 32"
__import__.product_template_tl_x25_505d_a,Terno TL-X25-505D.A,16,Tallax2,"Talla: 34,Talla: 34"
__import__.product_template_tl_x25_506_a,Terno TL-X25-506.A,25,Tallax2,"Talla: 30,Talla: 30"
__import__.product_template_tl_x25_509_a,Terno TL-X25-509.A,9,Tallax2,"Talla: 30,Talla: 30"
__import__.product_template_tl_x25_513a_a,Terno TL-X25-513A.A,36,Tallax2,"Talla: 30,Talla: 30"
__import__.product_template_tl_y23_101b_a,Terno TL-Y23-101B.A,36,Tallax2,"Talla: 30,Talla: 30"
__import__.product_template_tl_y23_104a_a,Terno TL-Y23-104A.A,25,Tallax2,"Talla: 32,Talla: 32"
__import__.product_template_tl_y23_104a_b,Terno TL-Y23-104A.B,36,Tallax2,"Talla: 30,Talla: 30"
__import__.product_template_tl_y23_104b_a,Terno TL-Y23-104B.A,36,Tallax2,"Talla: 30,Talla: 30"
__import__.product_template_fd11080_cp27,VESTIDO,9,Tallax2,"Talla: S,Talla: S"
__import__.product_template_ve_juliana,VESTIDO (ve_juliana),4,Tallax2,"Talla: M,Talla: M"
__import__.product_template_ve_meli,VESTIDO (ve_meli),4,Tallax2,"Talla: S,Talla: S"
__import__.product_template_ve_milady,VESTIDO (ve_milady),4,Tallax2,"Talla: S,Talla: S"
__import__.product_template_vest_amapola_cof,VESTIDO AMAPOLA CAFÉ,9,Tallax2,"Talla: S,Talla: S"
__import__.product_template_ve_ariadna_rd,VESTIDO ARIADNA RED,4,Tallax2,"Talla: M,Talla: M"
__import__.product_template_ve_ariana_wh,VESTIDO ARIANA WHITE,4,Tallax2,"Talla: M,Talla: M"
__import__.product_template_ve_beatrice_rd,VESTIDO BEATRICE RED,4,Tallax2,"Talla: M,Talla: M"
__import__.product_template_ve_carson_mus,VESTIDO CARSON MUSTARD,4,Tallax2,"Talla: M,Talla: M"
__import__.product_template_ve_carson_vn,VESTIDO CARSON VINO,4,Tallax2,"Talla: L,Talla: L"
__import__.product_template_ve_chenoa_wh,VESTIDO CHENOA WHITE,9,Tallax2,"Talla: S,Talla: S"
__import__.product_template_ve_clarisa_bge,VESTIDO CLARISA BEIGE,9,Tallax2,"Talla: M,Talla: M"
__import__.product_template_ve_dalila,VESTIDO DALILA FUCSIA T.S-M-L,9,Tallax2,"Talla: S,Talla: S"
__import__.product_template_vest_laura_b,VESTIDO DAMA BLANCO - VERDE,4,Tallax2,"Talla: S,Talla: S"
__import__.product_template_ve_ela_stp,VESTIDO ELA ESTAMPADO,4,Tallax2,"Talla: M,Talla: M"
__import__.product_template_vest_elda_blk,VESTIDO ELDA BLACK,4,Tallax2,"Talla: M,Talla: M"
__import__.product_template_vest_elsa_wh,VESTIDO ELSA WHITE,9,Tallax2,"Talla: S,Talla: S"
__import__.product_template_ve_aurora_consig,VESTIDO FUCSIA,4,Tallax2,"Talla: M,Talla: M"
__import__.product_template_ve_gaia_tur,VESTIDO GAIA TURQUESA,4,Tallax2,"Talla: S,Talla: S"
__import__.product_template_ve_grazzia_uni,VESTIDO GRAZZIA UNICOLOR VERDE T. S-M-L,9,Tallax2,"Talla: S,Talla: S"
__import__.product_template_vest_hortensi_rd,VESTIDO HORTENCIA RED,9,Tallax2,"Talla: M,Talla: M"
__import__.product_template_ve_ines_az,VESTIDO INES FLORES AZUL,4,Tallax2,"Talla: S,Talla: S"
__import__.product_template_ve_ines_red,VESTIDO INES RED,4,Tallax2,"Talla: S,Talla: S"
__import__.product_template_ve_isabela,VESTIDO ISABELA CELESTE T S MOSTAZA ROSA T.M,4,Tallax2,"Talla: S,Talla: S"
__import__.product_template_ve_joli_tur,VESTIDO JOLIE TURQUESA,4,Tallax2,"Talla: S,Talla: S"
__import__.product_template_vest_kenya_tr,VESTIDO KENYA TERRACOTA,4,Tallax2,"Talla: M,Talla: M"
__import__.product_template_ve_lea_vn,VESTIDO LEA VINO TINTO,9,Tallax2,"Talla: S,Talla: S"
__import__.product_template_ve_sara,VESTIDO LIMON LILA,9,Tallax2,"Talla: S,Talla: S"
__import__.product_template_ve_lucero_nvy,VESTIDO LUCERO NAVY,4,Tallax2,"Talla: L,Talla: L"
__import__.product_template_ve_maia_blk,VESTIDO MAIA BLACK,4,Tallax2,"Talla: S,Talla: S"
__import__.product_template_ve_maia_pl,VESTIDO MAIA PLATA,4,Tallax2,"Talla: S,Talla: S"
__import__.product_template_ve_marce_bl,VESTIDO MARCELA ZOLEY BLACK,4,Tallax2,"Talla: M,Talla: M"
__import__.product_template_ve_marce_wh,VESTIDO MARCELA ZOLEY WHITE,9,Tallax2,"Talla: S,Talla: S"
__import__.product_template_ve_maribel,VESTIDO MARIBEL ROJO-AZUL,4,Tallax2,"Talla: M,Talla: M"
__import__.product_template_ve_micaela_az,VESTIDO MICAELA AZUL,9,Tallax2,"Talla: M,Talla: M"
__import__.product_template_ve_micaela_pi,VESTIDO MICAELA PISTACHO,4,Tallax2,"Talla: L,Talla: L"
__import__.product_template_ve_midi_maxi_bl,VESTIDO MIDI/MAXI BLACK,9,Tallax2,"Talla: S,Talla: S"
__import__.product_template_ve_lola,VESTIDO NEGRO-ROSA,9,Tallax2,"Talla: S,Talla: S"
__import__.product_template_ve_nino_bge,VESTIDO NINOSKA BEIGE,9,Tallax2,"Talla: S,Talla: S"
__import__.product_template_vest_palomino_wh,VESTIDO PALOMINO BLANCO,9,Tallax2,"Talla: S,Talla: S"
__import__.product_template_ve_roxana_wh,VESTIDO ROXANA WHITE,4,Tallax2,"Talla: M,Talla: M"
__import__.product_template_ve_silvana,VESTIDO SILVANA PISTACHO T S. MAGENTA T M,4,Tallax2,"Talla: S,Talla: S"
__import__.product_template_ve_stella_choc,VESTIDO STELLA CHOCOLATE,9,Tallax2,"Talla: S,Talla: S"
__import__.product_template_ve_stella_vn,VESTIDO STELLA VINO,9,Tallax2,"Talla: S,Talla: S"
__import__.product_template_ve_tani_pur,VESTIDO TANIA PURPURA,4,Tallax2,"Talla: S,Talla: S"
__import__.product_template_ve_lina,VESTIDO VERDE-FUCSIA-ESTAMP,9,Tallax2,"Talla: S,Talla: S"
__import__.product_template_ve_viviene_ol,VESTIDO VIVIENE OLIVO,4,Tallax2,"Talla: M,Talla: M"
__import__.product_template_ve_whit_bge,VESTIDO WHITNEY BEIGE CIRCULOS,4,Tallax2,"Talla: L,Talla: L"
__import__.product_template_z2625_negro,ZAPATO NEGRO,4,Ancho Corbatax2,"Ancho Corbata: 6 cm,Ancho Corbata: 6 cm"
__import__.product_template_z923_negro,ZAPATO NEGRO (z923_negro),4,Ancho Corbatax2,"Ancho Corbata: 6 cm,Ancho Corbata: 6 cm"
__import__.product_template_z723_plata,ZAPATO PLATA,4,Ancho Corbatax2,"Ancho Corbata: 6 cm,Ancho Corbata: 6 cm"
__import__.product_template_zp_0907_brw,Zapato ZP-0907-BRW,64,Tallax2,"Talla: 6.5,Talla: 6.5"
__import__.product_template_zp_1002_ambar_vn,Zapato ZP-1002-AMBAR-VN,25,Tallax2,"Talla: 5.5,Talla: 5.5"
__import__.product_template_zp_1004_picasso_ne,Zapato ZP-1004-PICASSO-NE,25,Tallax2,"Talla: 5.5,Talla: 5.5"
__import__.product_template_zp_50224_cassini_brw,Zapato ZP-50224-CASSINI-BRW,64,Tallax2,"Talla: 6.5,Talla: 6.5"
__import__.product_template_zp_50224_cassini_cof,Zapato ZP-50224-CASSINI-COF,49,Tallax2,"Talla: 7,Talla: 7"
__import__.product_template_zp_50224_cassini_vn,Zapato ZP-50224-CASSINI-VN,64,Tallax2,"Talla: 6.5,Talla: 6.5"
__import__.product_template_zp_cassini_ambar_ml,Zapato ZP-CASSINI-AMBAR-ML,4,Tallax2,"Talla: 6,Talla: 6"
__import__.product_template_zp_cassini_gaziano_blk,Zapato ZP-CASSINI-GAZIANO-BLK,16,Tallax2,"Talla: 7,Talla: 7"
__import__.product_template_zp_cassini_oxford_ml,Zapato ZP-CASSINI-OXFORD-ML,36,Tallax2,"Talla: 7,Talla: 7"
__import__.product_template_zp_cassini_ps_pt_blk,Zapato ZP-CASSINI-PS-PT-BLK,121,Tallax2,"Talla: 5.5,Talla: 5.5"
__import__.product_template_zp_cassini_ps_pt_brw,Zapato ZP-CASSINI-PS-PT-BRW,64,Tallax2,"Talla: 6.5,Talla: 6.5"
__import__.product_template_zp_cassini_ps_pt_cof,Zapato ZP-CASSINI-PS-PT-COF,64,Tallax2,"Talla: 7,Talla: 7"
__import__.product_template_zp_cassini_ps_pt_vn,Zapato ZP-CASSINI-PS-PT-VN,64,Tallax2,"Talla: 6.5,Talla: 6.5"
__import__.product_template_zp_casssini_charolina,Zapato ZP-CASSSINI-CHAROLINA,64,Tallax2,"Talla: 6.5,Talla: 6.5"
__import__.product_template_zp_gam_az_cassini,Zapato ZP-GAM-AZ-CASSINI,25,Tallax2,"Talla: 7.5,Talla: 7.5"
__import__.product_template_zp_gam_az_s_f_cassini,Zapato ZP-GAM-AZ-S/F-CASSINI,36,Tallax2,"Talla: 7,Talla: 7"
__import__.product_template_zp_gam_cof_cassini,Zapato ZP-GAM-COF-CASSINI,25,Tallax2,"Talla: 7.5,Talla: 7.5"
__import__.product_template_zp_gam_cof_s_f_cassini,Zapato ZP-GAM-COF-S/F-CASSINI,36,Tallax2,"Talla: 7,Talla: 7"
__import__.product_template_zp_gam_cr_s_f_cassini,Zapato ZP-GAM-CR-S/F-CASSINI,49,Tallax2,"Talla: 7,Talla: 7"
__import__.product_template_zp_gam_ml_s_f_cassini,Zapato ZP-GAM-ML-S/F-CASSINI,36,Tallax2,"Talla: 7,Talla: 7"
__import__.product_template_zp_gam_ne_s_f_cassini,Zapato ZP-GAM-NE-S/F-CASSINI,36,Tallax2,"Talla: 7,Talla: 7"
__import__.product_template_zp_gam_vn_s_f_cassini,Zapato ZP-GAM-VN-S/F-CASSINI,9,Tallax2,"Talla: 7.5,Talla: 7.5"
__import__.product_template_zp_loafer_h,Zapato ZP-LOAFER-H,49,Tallax2,"Talla: 6.5,Talla: 6.5"
__import__.product_template_zp_loafer_h_brw,Zapato ZP-LOAFER-H-BRW,36,Tallax2,"Talla: 7,Talla: 7"
__import__.product_template_zp_pat_co_c_cassini,Zapato ZP-PAT-CO-C-CASSINI,49,Tallax2,"Talla: 7,Talla: 7"
__import__.product_template_zp_pat_vn_cassini,Zapato ZP-PAT-VN-CASSINI,49,Tallax2,"Talla: 7,Talla: 7"
__import__.product_template_zp_rz_coffe_tl,Zapato ZP-RZ-COFFE-TL,36,Tallax2,"Talla: 7,Talla: 7"
