sku,nombre_contifico,problema,sugerencia,raw_categoria_id,raw_marca_nombre,raw_codigo_barra
23E4246-13-PAT/54,H. LEVA P/CABALLERO BRUNO CASSINI MARRON,SKU duplicado,Depurar duplicados,pXKdw4jpCLkPegWP,CASSINI LEVAS/CABALLEROS,23E424613202554PT
23E4246-12-PAT/56,H. LEVA P/CABALLERO BRUNO CASSINI GRANATE,SKU duplicado,Depurar duplicados,pXKdw4jpCLkPegWP,CASSINI LEVAS/CABALLEROS,23E424612202556PT
23E4246-12-PAT/54,H. LEVA P/CABALLERO BRUNO CASSINI GRANATE,SKU duplicado,Depurar duplicados,pXKdw4jpCLkPegWP,CASSINI LEVAS/CABALLEROS,23E424612202554PT
23E4246-4/50,H. LEVA P/CABALLERO BRUNO CASSINI VERDE OLIVO,SKU duplicado,Depurar duplicados,pXKdw4jpCLkPegWP,CASSINI LEVAS/CABALLEROS,23E424604202550
23E4246-12-PAT/58,H. LEVA P/CABALLERO BRUNO CASSINI GRANATE,SKU duplicado,Depurar duplicados,pXKdw4jpCLkPegWP,CASSINI LEVAS/CABALLEROS,23E424612202558PT
23E4246-12-PAT/50,H. LEVA P/CABALLERO BRUNO CASSINI GRANATE,SKU duplicado,Depurar duplicados,pXKdw4jpCLkPegWP,CASSINI LEVAS/CABALLEROS,23E424612202550PT
23E4246-4/54,H. LEVA P/CABALLERO BRUNO CASSINI VERDE OLIVO,SKU duplicado,Depurar duplicados,pXKdw4jpCLkPegWP,CASSINI LEVAS/CABALLEROS,23E424604202554
23E4246-12-PAT/52,H. LEVA P/CABALLERO BRUNO CASSINI GRANATE,SKU duplicado,Depurar duplicados,pXKdw4jpCLkPegWP,CASSINI LEVAS/CABALLEROS,23E424612202552PT
23E4246-12-PAT/48,H. LEVA P/CABALLERO BRUNO CASSINI GRANATE,SKU duplicado,Depurar duplicados,pXKdw4jpCLkPegWP,CASSINI LEVAS/CABALLEROS,23E424612202548PT
23E4246-12-PAT/46,H. LEVA P/CABALLERO BRUNO CASSINI GRANATE,SKU duplicado,Depurar duplicados,pXKdw4jpCLkPegWP,CASSINI LEVAS/CABALLEROS,23E424612202546PT
11304-15.5-S2,H. CAMISA P/S BRUNO CASSINI BLUE 34-35,SKU duplicado,Depurar duplicados,gDGe7K3Zfm2yen2x,CASSINI CAMISAS CABALLEROS,11304202591552
11304-15.5-S1,H. CAMISA P/S BRUNO CASSINI BLUE 32-33,SKU duplicado,Depurar duplicados,gDGe7K3Zfm2yen2x,CASSINI CAMISAS CABALLEROS,11304202591551
11304-15-S2,H. CAMISA P/S BRUNO CASSINI BLUE 34-35,SKU duplicado,Depurar duplicados,gDGe7K3Zfm2yen2x,CASSINI CAMISAS CABALLEROS,11304202591502
11304-15-S1,H. CAMISA P/S BRUNO CASSINI BLUE 32-33,SKU duplicado,Depurar duplicados,gDGe7K3Zfm2yen2x,CASSINI CAMISAS CABALLEROS,11304202591501
11304-14.5-S1,H. CAMISA P/S BRUNO CASSINI BLUE 32-33,SKU duplicado,Depurar duplicados,gDGe7K3Zfm2yen2x,CASSINI CAMISAS CABALLEROS,11304202591451
11303-17.5-S2,H. CAMISA P/S BRUNO CASSINI BLUE 34-35,SKU duplicado,Depurar duplicados,gDGe7K3Zfm2yen2x,CASSINI CAMISAS CABALLEROS,11303202591752
11303-17-S2,H. CAMISA P/S BRUNO CASSINI BLUE 34-35,SKU duplicado,Depurar duplicados,gDGe7K3Zfm2yen2x,CASSINI CAMISAS CABALLEROS,11303202591702
11303-17-S1,H. CAMISA P/S BRUNO CASSINI BLUE 32-33,SKU duplicado,Depurar duplicados,gDGe7K3Zfm2yen2x,CASSINI CAMISAS CABALLEROS,11303202591701
11303-16.5-S2,H. CAMISA P/S BRUNO CASSINI BLUE 34-35,SKU duplicado,Depurar duplicados,gDGe7K3Zfm2yen2x,CASSINI CAMISAS CABALLEROS,11303202591652
11303-16.5-S1,H. CAMISA P/S BRUNO CASSINI BLUE 32-33,SKU duplicado,Depurar duplicados,gDGe7K3Zfm2yen2x,CASSINI CAMISAS CABALLEROS,11303202591651
11303-16-S2,H. CAMISA P/S BRUNO CASSINI BLUE 34-35,SKU duplicado,Depurar duplicados,gDGe7K3Zfm2yen2x,CASSINI CAMISAS CABALLEROS,11303202591602
11303-16-S1,H. CAMISA P/S BRUNO CASSINI BLUE 32-33,SKU duplicado,Depurar duplicados,gDGe7K3Zfm2yen2x,CASSINI CAMISAS CABALLEROS,11303202591601
11303-15.5-S2,H. CAMISA P/S BRUNO CASSINI BLUE 34-35,SKU duplicado,Depurar duplicados,gDGe7K3Zfm2yen2x,CASSINI CAMISAS CABALLEROS,11303202591552
11303-15.5-S1,H. CAMISA P/S BRUNO CASSINI BLUE 32-33,SKU duplicado,Depurar duplicados,gDGe7K3Zfm2yen2x,CASSINI CAMISAS CABALLEROS,11303202591551
11303-15-S2,H. CAMISA P/S BRUNO CASSINI BLUE 34-35,SKU duplicado,Depurar duplicados,gDGe7K3Zfm2yen2x,CASSINI CAMISAS CABALLEROS,11303202591502
11303-15-S1,H. CAMISA P/S BRUNO CASSINI BLUE 32-33,SKU duplicado,Depurar duplicados,gDGe7K3Zfm2yen2x,CASSINI CAMISAS CABALLEROS,11303202591501
11303-14.5-S1,H. CAMISA P/S BRUNO CASSINI BLUE 32-33,SKU duplicado,Depurar duplicados,gDGe7K3Zfm2yen2x,CASSINI CAMISAS CABALLEROS,11303202591451
5010-16.5-S1,H. CAMISA P/S BRUNO CASSINI PURPLE 32-33,SKU duplicado,Depurar duplicados,gDGe7K3Zfm2yen2x,CASSINI CAMISAS CABALLEROS,5010202591651
5010-16.5-S2,H. CAMISA P/S BRUNO CASSINI PURPLE 34-35,SKU duplicado,Depurar duplicados,gDGe7K3Zfm2yen2x,CASSINI CAMISAS CABALLEROS,5010202591652
18001-17.5-S2,H. CAMISA P/S BRUNO CASSINI BLUE 34-35,SKU duplicado,Depurar duplicados,gDGe7K3Zfm2yen2x,CASSINI CAMISAS CABALLEROS,18001202591752
18001-17-S1,H. CAMISA P/S BRUNO CASSINI BLUE 32-33,SKU duplicado,Depurar duplicados,gDGe7K3Zfm2yen2x,CASSINI CAMISAS CABALLEROS,18001202591701
18001-17-S2,H. CAMISA P/S BRUNO CASSINI BLUE 34-35,SKU duplicado,Depurar duplicados,gDGe7K3Zfm2yen2x,CASSINI CAMISAS CABALLEROS,18001202591702
11304-17.5-S2,H. CAMISA P/S BRUNO CASSINI BLUE 34-35,SKU duplicado,Depurar duplicados,gDGe7K3Zfm2yen2x,CASSINI CAMISAS CABALLEROS,11304202591752
11304-17-S2,H. CAMISA P/S BRUNO CASSINI BLUE 34-35,SKU duplicado,Depurar duplicados,gDGe7K3Zfm2yen2x,CASSINI CAMISAS CABALLEROS,11304202591702
11304-17-S1,H. CAMISA P/S BRUNO CASSINI BLUE 32-33,SKU duplicado,Depurar duplicados,gDGe7K3Zfm2yen2x,CASSINI CAMISAS CABALLEROS,11304202591701
11304-16.5-S2,H. CAMISA P/S BRUNO CASSINI BLUE 34-35,SKU duplicado,Depurar duplicados,gDGe7K3Zfm2yen2x,CASSINI CAMISAS CABALLEROS,11304202591652
11304-16.5-S1,H. CAMISA P/S BRUNO CASSINI BLUE 32-33,SKU duplicado,Depurar duplicados,gDGe7K3Zfm2yen2x,CASSINI CAMISAS CABALLEROS,11304202591651
11304-16-S2,H. CAMISA P/S BRUNO CASSINI BLUE 34-35,SKU duplicado,Depurar duplicados,gDGe7K3Zfm2yen2x,CASSINI CAMISAS CABALLEROS,11304202591602
11304-16-S1,H. CAMISA P/S BRUNO CASSINI BLUE 32-33,SKU duplicado,Depurar duplicados,gDGe7K3Zfm2yen2x,CASSINI CAMISAS CABALLEROS,11304202591601
18001-16.5-S2,H. CAMISA P/S BRUNO CASSINI BLUE 34-35,SKU duplicado,Depurar duplicados,gDGe7K3Zfm2yen2x,CASSINI CAMISAS CABALLEROS,18001202591652
18001-16-S2,H. CAMISA P/S BRUNO CASSINI BLUE 34-35,SKU duplicado,Depurar duplicados,gDGe7K3Zfm2yen2x,CASSINI CAMISAS CABALLEROS,18001202591602
18001-16.5-S1,H. CAMISA P/S BRUNO CASSINI BLUE 32-33,SKU duplicado,Depurar duplicados,gDGe7K3Zfm2yen2x,CASSINI CAMISAS CABALLEROS,18001202591651
18001-16-S1,H. CAMISA P/S BRUNO CASSINI BLUE 32-33,SKU duplicado,Depurar duplicados,gDGe7K3Zfm2yen2x,CASSINI CAMISAS CABALLEROS,18001202591601
18001-15.5-S2,H. CAMISA P/S BRUNO CASSINI BLUE 34-35,SKU duplicado,Depurar duplicados,gDGe7K3Zfm2yen2x,CASSINI CAMISAS CABALLEROS,18001202591552
18001-15.5-S1,H. CAMISA P/S BRUNO CASSINI BLUE 32-33,SKU duplicado,Depurar duplicados,gDGe7K3Zfm2yen2x,CASSINI CAMISAS CABALLEROS,18001202591551
18001-14.5-S1,H. CAMISA P/S BRUNO CASSINI BLUE 32-33,SKU duplicado,Depurar duplicados,gDGe7K3Zfm2yen2x,CASSINI CAMISAS CABALLEROS,18001202591451
HT1739-5-16.5-S2,H. CAMISA P/S STRIPE BLUE BRUNO CASSINI 34-35,SKU duplicado,Depurar duplicados,gDGe7K3Zfm2yen2x,CASSINI CAMISAS CABALLEROS,HT17395202591652
HT8811-2-16-S2,H. CAMISA P/S ROSE BRUNO CASSINI 34-35,SKU duplicado,Depurar duplicados,gDGe7K3Zfm2yen2x,CASSINI CAMISAS CABALLEROS,HT88112202591602
HT8811-2-17.5-S2,H. CAMISA P/S ROSE BRUNO CASSINI 34-35,SKU duplicado,Depurar duplicados,gDGe7K3Zfm2yen2x,CASSINI CAMISAS CABALLEROS,HT88112202591752
HT8811-2-15.5-S1,H. CAMISA P/S ROSE BRUNO CASSINI 32-33,SKU duplicado,Depurar duplicados,gDGe7K3Zfm2yen2x,CASSINI CAMISAS CABALLEROS,HT88112202591551
HT8811-2-15-S2,H. CAMISA P/S ROSE BRUNO CASSINI 34-35,SKU duplicado,Depurar duplicados,gDGe7K3Zfm2yen2x,CASSINI CAMISAS CABALLEROS,HT88112202591502
HT8811-2-15-S1,H. CAMISA P/S ROSE BRUNO CASSINI 32-33,SKU duplicado,Depurar duplicados,gDGe7K3Zfm2yen2x,CASSINI CAMISAS CABALLEROS,HT88112202591501
HT8811-2-14.5-S1,H. CAMISA P/S ROSE BRUNO CASSINI 32-33,SKU duplicado,Depurar duplicados,gDGe7K3Zfm2yen2x,CASSINI CAMISAS CABALLEROS,HT88112202591451
HT1739-5-17-S1,H. CAMISA P/S STRIPE BLUE BRUNO CASSINI 32-33,SKU duplicado,Depurar duplicados,gDGe7K3Zfm2yen2x,CASSINI CAMISAS CABALLEROS,HT17395202591701
HT8811-2-17-S2,H. CAMISA P/S ROSE BRUNO CASSINI 34-35,SKU duplicado,Depurar duplicados,gDGe7K3Zfm2yen2x,CASSINI CAMISAS CABALLEROS,HT88112202591702
HT8811-2-17-S1,H. CAMISA P/S ROSE BRUNO CASSINI 32-33,SKU duplicado,Depurar duplicados,gDGe7K3Zfm2yen2x,CASSINI CAMISAS CABALLEROS,HT88112202591701
HT8811-2-15.5-S2,H. CAMISA P/S ROSE BRUNO CASSINI 34-35,SKU duplicado,Depurar duplicados,gDGe7K3Zfm2yen2x,CASSINI CAMISAS CABALLEROS,HT88112202591552
HT8811-2-16.5-S2,H. CAMISA P/S ROSE BRUNO CASSINI 34-35,SKU duplicado,Depurar duplicados,gDGe7K3Zfm2yen2x,CASSINI CAMISAS CABALLEROS,HT88112202591652
HT8811-2-16.5-S1,H. CAMISA P/S ROSE BRUNO CASSINI 32-33,SKU duplicado,Depurar duplicados,gDGe7K3Zfm2yen2x,CASSINI CAMISAS CABALLEROS,HT88112202591651
HT1739-5-16.5-S1,H. CAMISA P/S STRIPE BLUE BRUNO CASSINI 32-33,SKU duplicado,Depurar duplicados,gDGe7K3Zfm2yen2x,CASSINI CAMISAS CABALLEROS,HT17395202591651
HT8811-2-16-S1,H. CAMISA P/S ROSE BRUNO CASSINI 32-33,SKU duplicado,Depurar duplicados,gDGe7K3Zfm2yen2x,CASSINI CAMISAS CABALLEROS,HT88112202591601
HT1965-2-15-S1,H. CAMISA P/S SQUARE BLUE BRUNO CASSINI 32-33,SKU duplicado,Depurar duplicados,gDGe7K3Zfm2yen2x,CASSINI CAMISAS CABALLEROS,HT1965202591501
HT2081-3-15-S2,H. CAMISA P/S WHITE BRUNO CASSINI 34-35,SKU duplicado,Depurar duplicados,gDGe7K3Zfm2yen2x,CASSINI CAMISAS CABALLEROS,HT20813202591502
HT2082-3-17-S2,H. CAMISA P/S SQUARE BLUE BRUNO CASSINI 34-35,SKU duplicado,Depurar duplicados,gDGe7K3Zfm2yen2x,CASSINI CAMISAS CABALLEROS,HT20823202591702
HT2102-81-17.5-S2,H. CAMISA P/S WHITE BRUNO CASSINI 34-35,SKU duplicado,Depurar duplicados,gDGe7K3Zfm2yen2x,CASSINI CAMISAS CABALLEROS,HT2101812591752
HT1965-2-15-S2,H. CAMISA P/S SQUARE BLUE BRUNO CASSINI 34-35,SKU duplicado,Depurar duplicados,gDGe7K3Zfm2yen2x,CASSINI CAMISAS CABALLEROS,HT1965202591502
HT2082-3-17.5-S2,H. CAMISA P/S SQUARE BLUE BRUNO CASSINI 34-35,SKU duplicado,Depurar duplicados,gDGe7K3Zfm2yen2x,CASSINI CAMISAS CABALLEROS,HT20823202591752
HT2081-3-16-S1,H. CAMISA P/S WHITE BRUNO CASSINI 32-33,SKU duplicado,Depurar duplicados,gDGe7K3Zfm2yen2x,CASSINI CAMISAS CABALLEROS,HT20813202591601
HT8811-2-16.5-S1,H. CAMISA P/S ROSE BRUNO CASSINI 32-33,SKU duplicado,Depurar duplicados,gDGe7K3Zfm2yen2x,CASSINI CAMISAS CABALLEROS,HT88112202591651
C25B231291-24BC-2/50,H. TERNO P/CABALLERO C/CHALECO CASSINI WINE,SKU duplicado,Depurar duplicados,GP9aQE1Xc6g9aDMQ,CASSINI TERNOS - CABALLEROS,C25231291242595032
C24ES296-4-BC-2/46,H. TERNO P/CABALLERO C/CHALECO CASSINI GREEN,SKU duplicado,Depurar duplicados,GP9aQE1Xc6g9aDMQ,CASSINI TERNOS - CABALLEROS,C24ES296424094628
C24ES296-4-BC-2/48,H. TERNO P/CABALLERO C/CHALECO CASSINI GREEN,SKU duplicado,Depurar duplicados,GP9aQE1Xc6g9aDMQ,CASSINI TERNOS - CABALLEROS,C24ES296424094830
C25B231291-24BC-2/58,H. TERNO P/CABALLERO C/CHALECO CASSINI WINE,SKU duplicado,Depurar duplicados,GP9aQE1Xc6g9aDMQ,CASSINI TERNOS - CABALLEROS,C25231291242595840
C25B231291-24BC-2/56,H. TERNO P/CABALLERO C/CHALECO CASSINI WINE,SKU duplicado,Depurar duplicados,GP9aQE1Xc6g9aDMQ,CASSINI TERNOS - CABALLEROS,C25231291242595638
C25B231291-24BC-2/54,H. TERNO P/CABALLERO C/CHALECO CASSINI WINE,SKU duplicado,Depurar duplicados,GP9aQE1Xc6g9aDMQ,CASSINI TERNOS - CABALLEROS,C25231291242595436
C25B231291-24BC-2/52,H. TERNO P/CABALLERO C/CHALECO CASSINI WINE,SKU duplicado,Depurar duplicados,GP9aQE1Xc6g9aDMQ,CASSINI TERNOS - CABALLEROS,C25231291242595234
25E27122-42BC-2/50,H. TERNO P/CABALLERO BRUNO CASSINI GREEN,SKU duplicado,Depurar duplicados,GP9aQE1Xc6g9aDMQ,CASSINI TERNOS - CABALLEROS,25271224225095032
25B231291-24BC-2/58,H. TERNO P/CABALLERO BRUNO CASSINI WINE,SKU duplicado,Depurar duplicados,GP9aQE1Xc6g9aDMQ,CASSINI TERNOS - CABALLEROS,25231291242595840
25B231291-24BC-2/56,H. TERNO P/CABALLERO BRUNO CASSINI WINE,SKU duplicado,Depurar duplicados,GP9aQE1Xc6g9aDMQ,CASSINI TERNOS - CABALLEROS,25231291242595638
25B231291-24BC-2/54,H. TERNO P/CABALLERO BRUNO CASSINI WINE,SKU duplicado,Depurar duplicados,GP9aQE1Xc6g9aDMQ,CASSINI TERNOS - CABALLEROS,25231291242595436
25C0905-11BC-2/52,H. TERNO P/CABALLERO BRUNO CASSINI BROWN,SKU duplicado,Depurar duplicados,GP9aQE1Xc6g9aDMQ,CASSINI TERNOS - CABALLEROS,2509051125095234
25C0905-11BC-2/50,H. TERNO P/CABALLERO BRUNO CASSINI BROWN,SKU duplicado,Depurar duplicados,GP9aQE1Xc6g9aDMQ,CASSINI TERNOS - CABALLEROS,2509051125095032
25C0905-11BC-2/48,H. TERNO P/CABALLERO BRUNO CASSINI BROWN,SKU duplicado,Depurar duplicados,GP9aQE1Xc6g9aDMQ,CASSINI TERNOS - CABALLEROS,2509051125094830
25C0905-11BC-2/46,H. TERNO P/CABALLERO BRUNO CASSINI BROWN,SKU duplicado,Depurar duplicados,GP9aQE1Xc6g9aDMQ,CASSINI TERNOS - CABALLEROS,2509051125094628
25C0905-11BC-2/58,H. TERNO P/CABALLERO BRUNO CASSINI BROWN,SKU duplicado,Depurar duplicados,GP9aQE1Xc6g9aDMQ,CASSINI TERNOS - CABALLEROS,2509051125095840
25C0905-11BC-2/56,H. TERNO P/CABALLERO BRUNO CASSINI BROWN,SKU duplicado,Depurar duplicados,GP9aQE1Xc6g9aDMQ,CASSINI TERNOS - CABALLEROS,2509051125095638
25C0905-11BC-2/54,H. TERNO P/CABALLERO BRUNO CASSINI BROWN,SKU duplicado,Depurar duplicados,GP9aQE1Xc6g9aDMQ,CASSINI TERNOS - CABALLEROS,2509051125095436
PT-008-14/31,H. PANTALON P/CABALLERO CASSINI GRAY,SKU duplicado,Depurar duplicados,onPeEolPsWOnbp1v,CASSINI PANTALON DE VESTIR,008B142025931
CH-25C0905-25/48,H. CHALECO P/CABALLEROS CASSINI GRAY - BLUE,SKU duplicado,Depurar duplicados,pXKdwrqpQiLkPbgW,CASSINI CHALECOS/HOMBRE,25090525C125948
CH-25C0905-25/50,H. CHALECO P/CABALLEROS CASSINI GRAY - BLUE,SKU duplicado,Depurar duplicados,pXKdwrqpQiLkPbgW,CASSINI CHALECOS/HOMBRE,25090525C125950
PT-008-14/33,H. PANTALON P/CABALLERO CASSINI GRAY,SKU duplicado,Depurar duplicados,onPeEolPsWOnbp1v,CASSINI PANTALON DE VESTIR,008B142025933
25E27122-42BC-2/58,H. TERNO P/CABALLERO BRUNO CASSINI GREEN,SKU duplicado,Depurar duplicados,GP9aQE1Xc6g9aDMQ,CASSINI TERNOS - CABALLEROS,25271224225095840
24B3931-1BC-2/54,H. TERNO P/CABALLERO BRUNO CASSINI GRAY,SKU duplicado,Depurar duplicados,GP9aQE1Xc6g9aDMQ,CASSINI TERNOS - CABALLEROS,243931125095436
PT-008-14/32,H. PANTALON P/CABALLERO CASSINI GRAY,SKU duplicado,Depurar duplicados,onPeEolPsWOnbp1v,CASSINI PANTALON DE VESTIR,008B142025932
25B231291-24BC-2/50,H. TERNO P/CABALLERO BRUNO CASSINI WINE,SKU duplicado,Depurar duplicados,GP9aQE1Xc6g9aDMQ,CASSINI TERNOS - CABALLEROS,25231291242595032
24B3931-1BC-2/52,H. TERNO P/CABALLERO BRUNO CASSINI GRAY,SKU duplicado,Depurar duplicados,GP9aQE1Xc6g9aDMQ,CASSINI TERNOS - CABALLEROS,243931125095234
24B3931-1BC-2/58,H. TERNO P/CABALLERO BRUNO CASSINI GRAY,SKU duplicado,Depurar duplicados,GP9aQE1Xc6g9aDMQ,CASSINI TERNOS - CABALLEROS,243931125095840
25C29118-10BC-2/54,H. TERNO P/CABALLERO BRUNO CASSINI LT. BROWN,SKU duplicado,Depurar duplicados,GP9aQE1Xc6g9aDMQ,CASSINI TERNOS - CABALLEROS,25291181025095436
25B231291-24BC-2/52,H. TERNO P/CABALLERO BRUNO CASSINI WINE,SKU duplicado,Depurar duplicados,GP9aQE1Xc6g9aDMQ,CASSINI TERNOS - CABALLEROS,25231291242595234
PT-008-14/30,H. PANTALON P/CABALLERO CASSINI GRAY,SKU duplicado,Depurar duplicados,onPeEolPsWOnbp1v,CASSINI PANTALON DE VESTIR,008B142025930
PT-008-3/34,H. PANTALON P/CABALLERO CASSINI NAVY,SKU duplicado,Depurar duplicados,onPeEolPsWOnbp1v,CASSINI PANTALON DE VESTIR,008B320250634
PT-008-3/40,H. PANTALON P/CABALLERO CASSINI NAVY,SKU duplicado,Depurar duplicados,onPeEolPsWOnbp1v,CASSINI PANTALON DE VESTIR,008B320250640
PT-008-3/38,H. PANTALON P/CABALLERO CASSINI NAVY,SKU duplicado,Depurar duplicados,onPeEolPsWOnbp1v,CASSINI PANTALON DE VESTIR,008B320250638
PT-008-3/36,H. PANTALON P/CABALLERO CASSINI NAVY,SKU duplicado,Depurar duplicados,onPeEolPsWOnbp1v,CASSINI PANTALON DE VESTIR,008B320250636
25B231291-24BC-2/46,H. TERNO P/CABALLERO BRUNO CASSINI WINE,SKU duplicado,Depurar duplicados,GP9aQE1Xc6g9aDMQ,CASSINI TERNOS - CABALLEROS,25231291242594628
CUWFF020-112/XL,CAMISA M/C P/H BRILLIANT WHITE CUBAVERA,SKU duplicado,Depurar duplicados,gDGe7K3Zfm2yen2x,CUBAVERA CAMISAS,051054427978
CUWFF020-112/S,CAMISA M/C P/H BRILLIANT WHITE CUBAVERA,SKU duplicado,Depurar duplicados,gDGe7K3Zfm2yen2x,CUBAVERA CAMISAS,051054427947
FA-35-1071-SD/36,H. LEVA P/CABALLERO SAND FARIANI,SKU duplicado,Depurar duplicados,pXKdw4jpCLkPegWP,FARIANI LEVAS,0743682310059
FA-35-1071-SD/46,H. LEVA P/CABALLERO SAND FARIANI,SKU duplicado,Depurar duplicados,pXKdw4jpCLkPegWP,FARIANI LEVAS,0743682310103
FA-35-1071-WI/36,H. LEVA P/CABALLERO WINE FARIANI,SKU duplicado,Depurar duplicados,pXKdw4jpCLkPegWP,FARIANI LEVAS,0743682310110
FA-35-1071-WI/38,H. LEVA P/CABALLERO WINE FARIANI,SKU duplicado,Depurar duplicados,pXKdw4jpCLkPegWP,FARIANI LEVAS,0743682310127
FA-35-1071-SD/44,H. LEVA P/CABALLERO SAND FARIANI,SKU duplicado,Depurar duplicados,pXKdw4jpCLkPegWP,FARIANI LEVAS,0743682310097
FA-35-1071-SD/40,H. LEVA P/CABALLERO SAND FARIANI,SKU duplicado,Depurar duplicados,pXKdw4jpCLkPegWP,FARIANI LEVAS,0743682310073
FA-35-1071-SD/42,H. LEVA P/CABALLERO SAND FARIANI,SKU duplicado,Depurar duplicados,pXKdw4jpCLkPegWP,FARIANI LEVAS,0743682310080
FA-35-1071-SD/38,H. LEVA P/CABALLERO SAND FARIANI,SKU duplicado,Depurar duplicados,pXKdw4jpCLkPegWP,FARIANI LEVAS,0743682310066
FA-35-1071-WI/40,H. LEVA P/CABALLERO WINE FARIANI,SKU duplicado,Depurar duplicados,pXKdw4jpCLkPegWP,FARIANI LEVAS,0743682310134
FA-35-1071-WI/42,H. LEVA P/CABALLERO WINE FARIANI,SKU duplicado,Depurar duplicados,pXKdw4jpCLkPegWP,FARIANI LEVAS,0743682310141
FA-35-1071-WI/44,H. LEVA P/CABALLERO WINE FARIANI,SKU duplicado,Depurar duplicados,pXKdw4jpCLkPegWP,FARIANI LEVAS,0743682310158
FA-35-1071-WI/46,H. LEVA P/CABALLERO WINE FARIANI,SKU duplicado,Depurar duplicados,pXKdw4jpCLkPegWP,FARIANI LEVAS,0743682310165
FA-35-1073-SK/40,H. LEVA P/CABALLERO SKY FARIANI,SKU duplicado,Depurar duplicados,pXKdw4jpCLkPegWP,FARIANI LEVAS,0743682310530
FA-35-1073-WI/36,H. LEVA P/CABALLERO WINE FARIANI,SKU duplicado,Depurar duplicados,pXKdw4jpCLkPegWP,FARIANI LEVAS,0743682310615
FA-35-1073-SK/46,H. LEVA P/CABALLERO SKY FARIANI,SKU duplicado,Depurar duplicados,pXKdw4jpCLkPegWP,FARIANI LEVAS,0743682310561
FA-35-1073-SK/44,H. LEVA P/CABALLERO SKY FARIANI,SKU duplicado,Depurar duplicados,pXKdw4jpCLkPegWP,FARIANI LEVAS,0743682310554
FA-35-1073-WI/38,H. LEVA P/CABALLERO WINE FARIANI,SKU duplicado,Depurar duplicados,pXKdw4jpCLkPegWP,FARIANI LEVAS,0743682310622
FA-35-1073-WI/40,H. LEVA P/CABALLERO WINE FARIANI,SKU duplicado,Depurar duplicados,pXKdw4jpCLkPegWP,FARIANI LEVAS,0743682310639
FA-35-1073-WI/42,H. LEVA P/CABALLERO WINE FARIANI,SKU duplicado,Depurar duplicados,pXKdw4jpCLkPegWP,FARIANI LEVAS,0743682310646
FA-35-1073-WI/44,H. LEVA P/CABALLERO WINE FARIANI,SKU duplicado,Depurar duplicados,pXKdw4jpCLkPegWP,FARIANI LEVAS,0743682310653
FA-35-1073-WI/46,H. LEVA P/CABALLERO WINE FARIANI,SKU duplicado,Depurar duplicados,pXKdw4jpCLkPegWP,FARIANI LEVAS,0743682310660
FA-35-1073-SK/36,H. LEVA P/CABALLERO SKY FARIANI,SKU duplicado,Depurar duplicados,pXKdw4jpCLkPegWP,FARIANI LEVAS,0743682310516
FA-35-1073-SK/38,H. LEVA P/CABALLERO SKY FARIANI,SKU duplicado,Depurar duplicados,pXKdw4jpCLkPegWP,FARIANI LEVAS,0743682310523
CUWSF025-477/L,CAMISA P/H M/L PARISIAN BLUE CUBAVERA,SKU duplicado,Depurar duplicados,gDGe7K3Zfm2yen2x,CUBAVERA CAMISAS,713510964272
CUWF2111-118/L,CAMISA P/H M/L BRIGHT WHITE CUBAVERA,SKU duplicado,Depurar duplicados,gDGe7K3Zfm2yen2x,CUBAVERA CAMISAS,0743682127138
CUWSP501-475L/L,CAMISA P/H M/C LT. BLUE CUBAVERA,SKU duplicado,Depurar duplicados,gDGe7K3Zfm2yen2x,CUBAVERA CAMISAS,0743682135461
CUWF2109-118/XL,CAMISA P/H M/C BRIGHT WHITE CUBAVERA,SKU duplicado,Depurar duplicados,gDGe7K3Zfm2yen2x,CUBAVERA CAMISAS,0743682126841
CUWFD040-457/S,CAMISA P/H M/C CLEAR SKY CUBAVERA,SKU duplicado,Depurar duplicados,gDGe7K3Zfm2yen2x,CUBAVERA CAMISAS,713610971157
CUWSP501-100S/S,CAMISA P/H M/C WHITE CUBAVERA,SKU duplicado,Depurar duplicados,gDGe7K3Zfm2yen2x,CUBAVERA CAMISAS,0743682135294
CUWSP501-485S/L,CAMISA P/H M/C AQCUA CUBAVERA,SKU duplicado,Depurar duplicados,gDGe7K3Zfm2yen2x,CUBAVERA CAMISAS,0743682135164
CUWSP501-485S/M,CAMISA P/H M/C AQCUA CUBAVERA,SKU duplicado,Depurar duplicados,gDGe7K3Zfm2yen2x,CUBAVERA CAMISAS,0743682136157
CUWSP501-485S/S,CAMISA P/H M/C AQCUA CUBAVERA,SKU duplicado,Depurar duplicados,gDGe7K3Zfm2yen2x,CUBAVERA CAMISAS,0743682135140
CUWSP501-485S/XL,CAMISA P/H M/C AQCUA CUBAVERA,SKU duplicado,Depurar duplicados,gDGe7K3Zfm2yen2x,CUBAVERA CAMISAS,0743682135171
CUWHE007-450/S,CAMISA P/H M/C DREAM BLUE CUBAVERA,SKU duplicado,Depurar duplicados,gDGe7K3Zfm2yen2x,CUBAVERA CAMISAS,713610973755
CUWHE007-450/M,CAMISA P/H M/C DREAM BLUE CUBAVERA,SKU duplicado,Depurar duplicados,gDGe7K3Zfm2yen2x,CUBAVERA CAMISAS,713610973762
24C28061-76BC-2/46,H. TERNO P/CABALLERO BRUNO CASSINI AZUL,SKU duplicado,Depurar duplicados,GP9aQE1Xc6g9aDMQ,CASSINI TERNOS - CABALLEROS,24C2806176244628
24C28061-76BC-2/50,H. TERNO P/CABALLERO BRUNO CASSINI AZUL,SKU duplicado,Depurar duplicados,GP9aQE1Xc6g9aDMQ,CASSINI TERNOS - CABALLEROS,24C2806176245032
24B11210-100BC-2/58,H. TERNO P/CABALLERO BRUNO CASSINI AZUL,SKU duplicado,Depurar duplicados,GP9aQE1Xc6g9aDMQ,CASSINI TERNOS - CABALLEROS,24B11210100245840
24B11210-100BC-2/46,H. TERNO P/CABALLERO BRUNO CASSINI AZUL,SKU duplicado,Depurar duplicados,GP9aQE1Xc6g9aDMQ,CASSINI TERNOS - CABALLEROS,24B11210100244628
24B11210-100BC-2/50,H. TERNO P/CABALLERO BRUNO CASSINI AZUL,SKU duplicado,Depurar duplicados,GP9aQE1Xc6g9aDMQ,CASSINI TERNOS - CABALLEROS,24B11210100245032
24B11210-100BC-2/48,H. TERNO P/CABALLERO BRUNO CASSINI AZUL,SKU duplicado,Depurar duplicados,GP9aQE1Xc6g9aDMQ,CASSINI TERNOS - CABALLEROS,24B11210100244830
24B11210-100BC-2/52,H. TERNO P/CABALLERO BRUNO CASSINI AZUL,SKU duplicado,Depurar duplicados,GP9aQE1Xc6g9aDMQ,CASSINI TERNOS - CABALLEROS,24B11210100245234
24B11210-100BC-2/54,H. TERNO P/CABALLERO BRUNO CASSINI AZUL,SKU duplicado,Depurar duplicados,GP9aQE1Xc6g9aDMQ,CASSINI TERNOS - CABALLEROS,24B11210100245436
24B11210-100BC-2/56,H. TERNO P/CABALLERO BRUNO CASSINI AZUL,SKU duplicado,Depurar duplicados,GP9aQE1Xc6g9aDMQ,CASSINI TERNOS - CABALLEROS,24B11210100245638
SH-ML-RYG/L,M. SHORT MILANO RAYA GRIS,SKU duplicado,Depurar duplicados,GEjb2BRlSkW6bVNW,CONSIGNA SOLE,SH-ML-RYG/OL
24C29918-15-BC-2/50,H. TERNO P/CABALLERO 2 BOTONES BRUNO CASSINI AZUL,SKU duplicado,Depurar duplicados,GP9aQE1Xc6g9aDMQ,CASSINI TERNOS - CABALLEROS,24C29118152495032
24C29918-15-BC-2/48,H. TERNO P/CABALLERO 2 BOTONES BRUNO CASSINI AZUL,SKU duplicado,Depurar duplicados,GP9aQE1Xc6g9aDMQ,CASSINI TERNOS - CABALLEROS,24C29118152494830
24C29918-15-BC-2/46,H. TERNO P/CABALLERO 2 BOTONES BRUNO CASSINI AZUL,SKU duplicado,Depurar duplicados,GP9aQE1Xc6g9aDMQ,CASSINI TERNOS - CABALLEROS,24C29118152494628
24C29918-13-BC-2/58,H. TERNO P/CABALLERO 2 BOTONES BRUNO CASSINI AZUL,SKU duplicado,Depurar duplicados,GP9aQE1Xc6g9aDMQ,CASSINI TERNOS - CABALLEROS,24C29918132495840
24C29918-13-BC-2/56,H. TERNO P/CABALLERO 2 BOTONES BRUNO CASSINI AZUL,SKU duplicado,Depurar duplicados,GP9aQE1Xc6g9aDMQ,CASSINI TERNOS - CABALLEROS,24C29918132495638
24C29918-13-BC-2/54,H. TERNO P/CABALLERO 2 BOTONES BRUNO CASSINI AZUL,SKU duplicado,Depurar duplicados,GP9aQE1Xc6g9aDMQ,CASSINI TERNOS - CABALLEROS,24C29918132495436
24C29918-13-BC-2/52,H. TERNO P/CABALLERO 2 BOTONES BRUNO CASSINI AZUL,SKU duplicado,Depurar duplicados,GP9aQE1Xc6g9aDMQ,CASSINI TERNOS - CABALLEROS,24C29918132495234
24C29918-13-BC-2/50,H. TERNO P/CABALLERO 2 BOTONES BRUNO CASSINI AZUL,SKU duplicado,Depurar duplicados,GP9aQE1Xc6g9aDMQ,CASSINI TERNOS - CABALLEROS,24C29918132495032
24C29918-13-BC-2/48,H. TERNO P/CABALLERO 2 BOTONES BRUNO CASSINI AZUL,SKU duplicado,Depurar duplicados,GP9aQE1Xc6g9aDMQ,CASSINI TERNOS - CABALLEROS,24C29918132494830
24C29918-13-BC-2/46,H. TERNO P/CABALLERO 2 BOTONES BRUNO CASSINI AZUL,SKU duplicado,Depurar duplicados,GP9aQE1Xc6g9aDMQ,CASSINI TERNOS - CABALLEROS,24C29918132494628
24C29918-12-BC-2/58,H. TERNO P/CABALLERO 2 BOTONES BRUNO CASSINI DARK GRIS,SKU duplicado,Depurar duplicados,GP9aQE1Xc6g9aDMQ,CASSINI TERNOS - CABALLEROS,24C29918122495840
24C29918-12-BC-2/56,H. TERNO P/CABALLERO 2 BOTONES BRUNO CASSINI DARK GRIS,SKU duplicado,Depurar duplicados,GP9aQE1Xc6g9aDMQ,CASSINI TERNOS - CABALLEROS,24C29918122495638
24C29918-12-BC-2/54,H. TERNO P/CABALLERO 2 BOTONES BRUNO CASSINI DARK GRIS,SKU duplicado,Depurar duplicados,GP9aQE1Xc6g9aDMQ,CASSINI TERNOS - CABALLEROS,24C29918122495436
24C29918-12-BC-2/52,H. TERNO P/CABALLERO 2 BOTONES BRUNO CASSINI DARK GRIS,SKU duplicado,Depurar duplicados,GP9aQE1Xc6g9aDMQ,CASSINI TERNOS - CABALLEROS,24C29918122495234
24C29918-12-BC-2/50,H. TERNO P/CABALLERO 2 BOTONES BRUNO CASSINI DARK GRIS,SKU duplicado,Depurar duplicados,GP9aQE1Xc6g9aDMQ,CASSINI TERNOS - CABALLEROS,24C29918122495032
24C29918-12-BC-2/48,H. TERNO P/CABALLERO 2 BOTONES BRUNO CASSINI DARK GRIS,SKU duplicado,Depurar duplicados,GP9aQE1Xc6g9aDMQ,CASSINI TERNOS - CABALLEROS,24C29918122494830
24C29918-12-BC-2/46,H. TERNO P/CABALLERO 2 BOTONES BRUNO CASSINI DARK GRIS,SKU duplicado,Depurar duplicados,GP9aQE1Xc6g9aDMQ,CASSINI TERNOS - CABALLEROS,24C29918122494628
200-17.5-S2,H. CAMISA P/S WHITE BRUNO CASSINI 34-35,SKU duplicado,Depurar duplicados,gDGe7K3Zfm2yen2x,CASSINI CAMISAS CABALLEROS,200202491752
8502-15-S1,H. CAMISA P/S LT PINK BRUNO CASSINI 32-33,SKU duplicado,Depurar duplicados,gDGe7K3Zfm2yen2x,CASSINI CAMISAS CABALLEROS,8502202491501
5305-16.5-S1,H. CAMISA P/S BLUE BRUNO CASSINI 32-33,SKU duplicado,Depurar duplicados,gDGe7K3Zfm2yen2x,CASSINI CAMISAS CABALLEROS,5305202491651
5305-16.5-S2,H. CAMISA P/S BLUE BRUNO CASSINI 34-35,SKU duplicado,Depurar duplicados,gDGe7K3Zfm2yen2x,CASSINI CAMISAS CABALLEROS,5305202491652
5305-15.5-S2,H. CAMISA P/S BLUE BRUNO CASSINI 34-35,SKU duplicado,Depurar duplicados,gDGe7K3Zfm2yen2x,CASSINI CAMISAS CABALLEROS,5305202491552
A126-3-15.5-S2,H. CAMISA P/S LIGHT BLUE BRUNO CASSINI 34-35,SKU duplicado,Depurar duplicados,gDGe7K3Zfm2yen2x,CASSINI CAMISAS CABALLEROS,A1263202491552
A126-3-16.5-S1,H. CAMISA P/S LIGHT BLUE BRUNO CASSINI 32-33,SKU duplicado,Depurar duplicados,gDGe7K3Zfm2yen2x,CASSINI CAMISAS CABALLEROS,A1263202491651
A126-3-16.5-S2,H. CAMISA P/S LIGHT BLUE BRUNO CASSINI 34-35,SKU duplicado,Depurar duplicados,gDGe7K3Zfm2yen2x,CASSINI CAMISAS CABALLEROS,A1263202491652
A126-3-17-S1,H. CAMISA P/S LIGHT BLUE BRUNO CASSINI 32-33,SKU duplicado,Depurar duplicados,gDGe7K3Zfm2yen2x,CASSINI CAMISAS CABALLEROS,A1263202491701
A126-3-17-S2,H. CAMISA P/S LIGHT BLUE BRUNO CASSINI 34-35,SKU duplicado,Depurar duplicados,gDGe7K3Zfm2yen2x,CASSINI CAMISAS CABALLEROS,A1263202491702
16701-16.5-S1,H. CAMISA P/S WHITE BRUNO CASSINI 32-33,SKU duplicado,Depurar duplicados,gDGe7K3Zfm2yen2x,CASSINI CAMISAS CABALLEROS,16701202491651
16701-16.5-S2,H. CAMISA P/S WHITE BRUNO CASSINI 34-35,SKU duplicado,Depurar duplicados,gDGe7K3Zfm2yen2x,CASSINI CAMISAS CABALLEROS,16701202491652
A156-1-17-S2,H. CAMISA P/S WHITE BRUNO CASSINI 34-35,SKU duplicado,Depurar duplicados,gDGe7K3Zfm2yen2x,CASSINI CAMISAS CABALLEROS,A1561202491702
A156-1-17.5-S2,H. CAMISA P/S WHITE BRUNO CASSINI 34-35,SKU duplicado,Depurar duplicados,gDGe7K3Zfm2yen2x,CASSINI CAMISAS CABALLEROS,A1561202491752
A156-1-17-S1,H. CAMISA P/S WHITE BRUNO CASSINI 32-33,SKU duplicado,Depurar duplicados,gDGe7K3Zfm2yen2x,CASSINI CAMISAS CABALLEROS,A1561202491701
A151-1-17-S2,H. CAMISA P/S WHITE BRUNO CASSINI 34-35,SKU duplicado,Depurar duplicados,gDGe7K3Zfm2yen2x,CASSINI CAMISAS CABALLEROS,A1511202491702
A151-1-17.5-S2,H. CAMISA P/S WHITE BRUNO CASSINI 34-35,SKU duplicado,Depurar duplicados,gDGe7K3Zfm2yen2x,CASSINI CAMISAS CABALLEROS,A1511202491752
30201-15.5-S2,H. CAMISA P/S WHITE BRUNO CASSINI 34-35,SKU duplicado,Depurar duplicados,gDGe7K3Zfm2yen2x,CASSINI CAMISAS CABALLEROS,30201202491552
30201-15.5-S1,H. CAMISA P/S WHITE BRUNO CASSINI 32-33,SKU duplicado,Depurar duplicados,gDGe7K3Zfm2yen2x,CASSINI CAMISAS CABALLEROS,30201202491551
A156-1-15.5-S1,H. CAMISA P/S WHITE BRUNO CASSINI 32-33,SKU duplicado,Depurar duplicados,gDGe7K3Zfm2yen2x,CASSINI CAMISAS CABALLEROS,A1561202491551
A156-1-16.5-S1,H. CAMISA P/S WHITE BRUNO CASSINI 32-33,SKU duplicado,Depurar duplicados,gDGe7K3Zfm2yen2x,CASSINI CAMISAS CABALLEROS,A1561202491651
30201-16-S1,H. CAMISA P/S WHITE BRUNO CASSINI 32-33,SKU duplicado,Depurar duplicados,gDGe7K3Zfm2yen2x,CASSINI CAMISAS CABALLEROS,30201202491601
30201-16-S2,H. CAMISA P/S WHITE BRUNO CASSINI 34-35,SKU duplicado,Depurar duplicados,gDGe7K3Zfm2yen2x,CASSINI CAMISAS CABALLEROS,30201202491602
A156-1-15-S1,H. CAMISA P/S WHITE BRUNO CASSINI 32-33,SKU duplicado,Depurar duplicados,gDGe7K3Zfm2yen2x,CASSINI CAMISAS CABALLEROS,A1561202491501
30201-17.5-S2,H. CAMISA P/S WHITE BRUNO CASSINI 34-35,SKU duplicado,Depurar duplicados,gDGe7K3Zfm2yen2x,CASSINI CAMISAS CABALLEROS,30201202491752
30201-17-S2,H. CAMISA P/S WHITE BRUNO CASSINI 34-35,SKU duplicado,Depurar duplicados,gDGe7K3Zfm2yen2x,CASSINI CAMISAS CABALLEROS,30201202491702
30201-17-S1,H. CAMISA P/S WHITE BRUNO CASSINI 32-33,SKU duplicado,Depurar duplicados,gDGe7K3Zfm2yen2x,CASSINI CAMISAS CABALLEROS,30201202491701
30201-16.5-S2,H. CAMISA P/S WHITE BRUNO CASSINI 34-35,SKU duplicado,Depurar duplicados,gDGe7K3Zfm2yen2x,CASSINI CAMISAS CABALLEROS,30201202491652
30201-16.5-S1,H. CAMISA P/S WHITE BRUNO CASSINI 32-33,SKU duplicado,Depurar duplicados,gDGe7K3Zfm2yen2x,CASSINI CAMISAS CABALLEROS,30201202491651
A151-1-15.5-S1,H. CAMISA P/S WHITE BRUNO CASSINI 32-33,SKU duplicado,Depurar duplicados,gDGe7K3Zfm2yen2x,CASSINI CAMISAS CABALLEROS,A1511202491551
A151-1-15.5-S2,H. CAMISA P/S WHITE BRUNO CASSINI 34-35,SKU duplicado,Depurar duplicados,gDGe7K3Zfm2yen2x,CASSINI CAMISAS CABALLEROS,A1511202491552
A151-1-16.5-S1,H. CAMISA P/S WHITE BRUNO CASSINI 32-33,SKU duplicado,Depurar duplicados,gDGe7K3Zfm2yen2x,CASSINI CAMISAS CABALLEROS,A1511202491651
A151-1-16.5-S2,H. CAMISA P/S WHITE BRUNO CASSINI 34-35,SKU duplicado,Depurar duplicados,gDGe7K3Zfm2yen2x,CASSINI CAMISAS CABALLEROS,A1511202491652
A151-1-17-S1,H. CAMISA P/S WHITE BRUNO CASSINI 32-33,SKU duplicado,Depurar duplicados,gDGe7K3Zfm2yen2x,CASSINI CAMISAS CABALLEROS,A1511202491701
A108-1-16-S1,H. CAMISA P/S WHITE BRUNO CASSINI 32-33,SKU duplicado,Depurar duplicados,gDGe7K3Zfm2yen2x,CASSINI CAMISAS CABALLEROS,A1081202491601
A108-1-16-S2,H. CAMISA P/S WHITE BRUNO CASSINI 34-35,SKU duplicado,Depurar duplicados,gDGe7K3Zfm2yen2x,CASSINI CAMISAS CABALLEROS,A1081202491602
A108-1-17-S2,H. CAMISA P/S WHITE BRUNO CASSINI 34-35,SKU duplicado,Depurar duplicados,gDGe7K3Zfm2yen2x,CASSINI CAMISAS CABALLEROS,A1081202491702
A163-1-17-S1,H. CAMISA P/S WHITE BRUNO CASSINI 32-33,SKU duplicado,Depurar duplicados,gDGe7K3Zfm2yen2x,CASSINI CAMISAS CABALLEROS,A1631202491701
A163-1-15-S2,H. CAMISA P/S WHITE BRUNO CASSINI 34-35,SKU duplicado,Depurar duplicados,gDGe7K3Zfm2yen2x,CASSINI CAMISAS CABALLEROS,A1631202491502
A163-1-15-S1,H. CAMISA P/S WHITE BRUNO CASSINI 32-33,SKU duplicado,Depurar duplicados,gDGe7K3Zfm2yen2x,CASSINI CAMISAS CABALLEROS,A1631202491501
A163-1-15.5-S2,H. CAMISA P/S WHITE BRUNO CASSINI 34-35,SKU duplicado,Depurar duplicados,gDGe7K3Zfm2yen2x,CASSINI CAMISAS CABALLEROS,A1631202491552
A108-1-17.5-S2,H. CAMISA P/S WHITE BRUNO CASSINI 34-35,SKU duplicado,Depurar duplicados,gDGe7K3Zfm2yen2x,CASSINI CAMISAS CABALLEROS,A1081202491752
A108-1-15.5-S2,H. CAMISA P/S WHITE BRUNO CASSINI 34-35,SKU duplicado,Depurar duplicados,gDGe7K3Zfm2yen2x,CASSINI CAMISAS CABALLEROS,A1081202491552
LBPC-B04-101S-SL/XL,H. CAMISA P/H M/L SALMON LONG BEACH,SKU duplicado,Depurar duplicados,gDGe7K3Zfm2yen2x,LONG BEACH CAMISAS,743682046682
LBPC-B04-101S-SL/S,H. CAMISA P/H M/L SALMON LONG BEACH,SKU duplicado,Depurar duplicados,gDGe7K3Zfm2yen2x,LONG BEACH CAMISAS,743682046651
LBPC-B04-101S-SL/M,H. CAMISA P/H M/L SALMON LONG BEACH,SKU duplicado,Depurar duplicados,gDGe7K3Zfm2yen2x,LONG BEACH CAMISAS,743682046668
LBPC-B04-101S-BL/M,H. CAMISA P/H M/L BLACK LONG BEACH,SKU duplicado,Depurar duplicados,gDGe7K3Zfm2yen2x,LONG BEACH CAMISAS,743682046545
LBPC-B04-101S-BL/L,H. CAMISA P/H M/L BLACK LONG BEACH,SKU duplicado,Depurar duplicados,gDGe7K3Zfm2yen2x,LONG BEACH CAMISAS,743682046552
LBPC-B03-101SS-NV/XL,H. CAMISA P/H M/C NAVY LONG BEACH,SKU duplicado,Depurar duplicados,gDGe7K3Zfm2yen2x,LONG BEACH CAMISAS,743682045449
LBPC-B03-101SS-NV/S,H. CAMISA P/H M/C NAVY LONG BEACH,SKU duplicado,Depurar duplicados,gDGe7K3Zfm2yen2x,LONG BEACH CAMISAS,743682045418
LBPC-B03-101SS-NV/M,H. CAMISA P/H M/C NAVY LONG BEACH,SKU duplicado,Depurar duplicados,gDGe7K3Zfm2yen2x,LONG BEACH CAMISAS,743682045425
LBPC-B03-101SS-NV/L,H. CAMISA P/H M/C NAVY LONG BEACH,SKU duplicado,Depurar duplicados,gDGe7K3Zfm2yen2x,LONG BEACH CAMISAS,743682045432
LBPC-B03-101S-WH/XL,H. CAMISA P/H M/C WHITE LONG BEACH,SKU duplicado,Depurar duplicados,gDGe7K3Zfm2yen2x,LONG BEACH CAMISAS,7448332161199
LBPC-B03-101S-WH/S,H. CAMISA P/H M/C WHITE LONG BEACH,SKU duplicado,Depurar duplicados,gDGe7K3Zfm2yen2x,LONG BEACH CAMISAS,7448356265248
LBPC-B03-101S-WH/M,H. CAMISA P/H M/C WHITE LONG BEACH,SKU duplicado,Depurar duplicados,gDGe7K3Zfm2yen2x,LONG BEACH CAMISAS,7448336688654
LBPC-B03-101S-WH/L,H. CAMISA P/H M/C WHITE LONG BEACH,SKU duplicado,Depurar duplicados,gDGe7K3Zfm2yen2x,LONG BEACH CAMISAS,7448339962959
LBPC-B04-102S-SK/M,H. CAMISA P/H M/L SKY LONG BEACH,SKU duplicado,Depurar duplicados,gDGe7K3Zfm2yen2x,LONG BEACH CAMISAS,7448357132167
LBPC-B04-102S-SK/L,H. CAMISA P/H M/L SKY LONG BEACH,SKU duplicado,Depurar duplicados,gDGe7K3Zfm2yen2x,LONG BEACH CAMISAS,7448339977960
LBPC-B04-102S-NV/XL,H. CAMISA P/H M/L NAVY LONG BEACH,SKU duplicado,Depurar duplicados,gDGe7K3Zfm2yen2x,LONG BEACH CAMISAS,743682047405
LBPC-C31-223R-BL/XL,H. POLO P/HOMBRE BLACK LONG BEACH,SKU duplicado,Depurar duplicados,gArb6J8JHo7MbyR7,LONG BEACH CAMISETAS,0743682085582
LBPC-C31-223R-BL/S,H. POLO P/HOMBRE BLACK LONG BEACH,SKU duplicado,Depurar duplicados,gArb6J8JHo7MbyR7,LONG BEACH CAMISETAS,0743682085551
LBPC-C31-223R-BL/M,H. POLO P/HOMBRE BLACK LONG BEACH,SKU duplicado,Depurar duplicados,gArb6J8JHo7MbyR7,LONG BEACH CAMISETAS,0743682085568
LBPC-C31-223R-BL/L,H. POLO P/HOMBRE BLACK LONG BEACH,SKU duplicado,Depurar duplicados,gArb6J8JHo7MbyR7,LONG BEACH CAMISETAS,0743682085575
LBPC-B04-101S-NV/L,H. CAMISA P/HOMBRE M/L NAVY LONG BEACH,SKU duplicado,Depurar duplicados,gDGe7K3Zfm2yen2x,LONG BEACH CAMISAS,7448332385311
LBPC-B04-101S-NV/M,H. CAMISA P/HOMBRE M/L NAVY LONG BEACH,SKU duplicado,Depurar duplicados,gDGe7K3Zfm2yen2x,LONG BEACH CAMISAS,7448336158126
OPKB0300-402/M,H. POLO P/H M/C BALLAD BLUE PENGUIN,SKU duplicado,Depurar duplicados,gArb6J8JHo7MbyR7,PENGUIN CAMISETAS,799016397616
OPKB0300-402/S,H. POLO P/H M/C BALLAD BLUE PENGUIN,SKU duplicado,Depurar duplicados,gArb6J8JHo7MbyR7,PENGUIN CAMISETAS,799016397609
OPKB0300-402/XL,H. POLO P/H M/C BALLAD BLUE PENGUIN,SKU duplicado,Depurar duplicados,gArb6J8JHo7MbyR7,PENGUIN CAMISETAS,799016397630
23E2780-N-BC-2/50,H. TERNO P/CABALLERO BRUNO CASSINI NAVY,SKU duplicado,Depurar duplicados,GP9aQE1Xc6g9aDMQ,CASSINI TERNOS - CABALLEROS,23E2780N20245032
23E2780-N-BC-2/52,H. TERNO P/CABALLERO BRUNO CASSINI NAVY,SKU duplicado,Depurar duplicados,GP9aQE1Xc6g9aDMQ,CASSINI TERNOS - CABALLEROS,23E2780N20245234
23E2780-N-BC-2/54,H. TERNO P/CABALLERO BRUNO CASSINI NAVY,SKU duplicado,Depurar duplicados,GP9aQE1Xc6g9aDMQ,CASSINI TERNOS - CABALLEROS,23E2780N20245436
23E2780-N-BC-2/56,H. TERNO P/CABALLERO BRUNO CASSINI NAVY,SKU duplicado,Depurar duplicados,GP9aQE1Xc6g9aDMQ,CASSINI TERNOS - CABALLEROS,23E2780N20245638
23E2780-N-BC-2/58,H. TERNO P/CABALLERO BRUNO CASSINI NAVY,SKU duplicado,Depurar duplicados,GP9aQE1Xc6g9aDMQ,CASSINI TERNOS - CABALLEROS,23E2780N20245840
23E312010-8BC-2/46,H. TERNO P/CABALLERO BRUNO CASSINI GRIS,SKU duplicado,Depurar duplicados,GP9aQE1Xc6g9aDMQ,CASSINI TERNOS - CABALLEROS,23E3120108244628
23E312010-8BC-2/48,H. TERNO P/CABALLERO BRUNO CASSINI GRIS,SKU duplicado,Depurar duplicados,GP9aQE1Xc6g9aDMQ,CASSINI TERNOS - CABALLEROS,23E3120108244830
23E3705-25BC-2/46,H. TERNO P/CABALLERO BRUNO CASSINI AZUL,SKU duplicado,Depurar duplicados,GP9aQE1Xc6g9aDMQ,CASSINI TERNOS - CABALLEROS,23E37052520244628
23E3705-25BC-2/48,H. TERNO P/CABALLERO BRUNO CASSINI AZUL,SKU duplicado,Depurar duplicados,GP9aQE1Xc6g9aDMQ,CASSINI TERNOS - CABALLEROS,23E37052520244830
23E3705-25BC-2/50,H. TERNO P/CABALLERO BRUNO CASSINI AZUL,SKU duplicado,Depurar duplicados,GP9aQE1Xc6g9aDMQ,CASSINI TERNOS - CABALLEROS,23E37052520245032
23E3705-25BC-2/52,H. TERNO P/CABALLERO BRUNO CASSINI AZUL,SKU duplicado,Depurar duplicados,GP9aQE1Xc6g9aDMQ,CASSINI TERNOS - CABALLEROS,23E37052520245234
23E3705-25BC-2/54,H. TERNO P/CABALLERO BRUNO CASSINI AZUL,SKU duplicado,Depurar duplicados,GP9aQE1Xc6g9aDMQ,CASSINI TERNOS - CABALLEROS,23E37052520245436
23E3705-25BC-2/56,H. TERNO P/CABALLERO BRUNO CASSINI AZUL,SKU duplicado,Depurar duplicados,GP9aQE1Xc6g9aDMQ,CASSINI TERNOS - CABALLEROS,23E37052520245638
23E3705-25BC-2/58,H. TERNO P/CABALLERO BRUNO CASSINI AZUL,SKU duplicado,Depurar duplicados,GP9aQE1Xc6g9aDMQ,CASSINI TERNOS - CABALLEROS,23E37052520245840
23E5296-4BC-2/46,H. TERNO P/CABALLERO BRUNO CASSINI GREEN,SKU duplicado,Depurar duplicados,GP9aQE1Xc6g9aDMQ,CASSINI TERNOS - CABALLEROS,23E5296420244628
23E5296-4BC-2/48,H. TERNO P/CABALLERO BRUNO CASSINI GREEN,SKU duplicado,Depurar duplicados,GP9aQE1Xc6g9aDMQ,CASSINI TERNOS - CABALLEROS,23E5296420244830
23E5296-4BC-2/50,H. TERNO P/CABALLERO BRUNO CASSINI GREEN,SKU duplicado,Depurar duplicados,GP9aQE1Xc6g9aDMQ,CASSINI TERNOS - CABALLEROS,23E5296420245032
23E5296-4BC-2/52,H. TERNO P/CABALLERO BRUNO CASSINI GREEN,SKU duplicado,Depurar duplicados,GP9aQE1Xc6g9aDMQ,CASSINI TERNOS - CABALLEROS,23E5296420245234
23E5296-4BC-2/54,H. TERNO P/CABALLERO BRUNO CASSINI GREEN,SKU duplicado,Depurar duplicados,GP9aQE1Xc6g9aDMQ,CASSINI TERNOS - CABALLEROS,23E5296420245436
23E5296-4BC-2/56,H. TERNO P/CABALLERO BRUNO CASSINI GREEN,SKU duplicado,Depurar duplicados,GP9aQE1Xc6g9aDMQ,CASSINI TERNOS - CABALLEROS,23E5296420245638
23E5296-4BC-2/58,H. TERNO P/CABALLERO BRUNO CASSINI GREEN,SKU duplicado,Depurar duplicados,GP9aQE1Xc6g9aDMQ,CASSINI TERNOS - CABALLEROS,23E5296420245840
TL-D23-1101C.A/34,H. PANTALON TED LAPIDUS CASUAL P/CABALLERO KHAKI,SKU duplicado,Depurar duplicados,onPeEolPsWOnbp1v,TED LAPIDUS PANTALON P/CABALLERO,745304087345
TL-D23-1101C.A/38,H. PANTALON TED LAPIDUS CASUAL P/CABALLERO KHAKI,SKU duplicado,Depurar duplicados,onPeEolPsWOnbp1v,TED LAPIDUS PANTALON P/CABALLERO,745304087347
TL-D23-1101C.A/36,H. PANTALON TED LAPIDUS CASUAL P/CABALLERO KHAKI,SKU duplicado,Depurar duplicados,onPeEolPsWOnbp1v,TED LAPIDUS PANTALON P/CABALLERO,745304087346
TL-D23-1101C.A/40,H. PANTALON TED LAPIDUS CASUAL P/CABALLERO KHAKI,SKU duplicado,Depurar duplicados,onPeEolPsWOnbp1v,TED LAPIDUS PANTALON P/CABALLERO,7453040873487
LBPC-A31-243S-CHRR/XL,H. POLO LONG BEACH M/C P/CABALLERO CHERRY,SKU duplicado,Depurar duplicados,gArb6J8JHo7MbyR7,LONG BEACH CAMISETAS,743682034856
LBPC-A31-243S-WH/XL,H. POLO LONG BEACH M/C P/CABALLERO WHITE,SKU duplicado,Depurar duplicados,gArb6J8JHo7MbyR7,LONG BEACH CAMISETAS,743682034771
LBPC-B31-101S-BL/XL,H. POLO LONG BEACH M/C P/CABALLERO BLACK,SKU duplicado,Depurar duplicados,gArb6J8JHo7MbyR7,LONG BEACH CAMISETAS,743682033613
LBPC-B31-101S-BL/S,H. POLO LONG BEACH M/C P/CABALLERO BLACK,SKU duplicado,Depurar duplicados,gArb6J8JHo7MbyR7,LONG BEACH CAMISETAS,743682033583
LBPC-B31-101S-BL/M,H. POLO LONG BEACH M/C P/CABALLERO BLACK,SKU duplicado,Depurar duplicados,gArb6J8JHo7MbyR7,LONG BEACH CAMISETAS,743682033590
LBPC-B31-101S-BL/L,H. POLO LONG BEACH M/C P/CABALLERO BLACK,SKU duplicado,Depurar duplicados,gArb6J8JHo7MbyR7,LONG BEACH CAMISETAS,743682033606
LBPC-B31-101S-IN/S,H. POLO LONG BEACH M/C P/CABALLERO INDIGO,SKU duplicado,Depurar duplicados,gArb6J8JHo7MbyR7,LONG BEACH CAMISETAS,743682033866
LBPC-B31-101S-IN/M,H. POLO LONG BEACH M/C P/CABALLERO INDIGO,SKU duplicado,Depurar duplicados,gArb6J8JHo7MbyR7,LONG BEACH CAMISETAS,743682033873
LBPC-B31-101S-IN/L,H. POLO LONG BEACH M/C P/CABALLERO INDIGO,SKU duplicado,Depurar duplicados,gArb6J8JHo7MbyR7,LONG BEACH CAMISETAS,743682033880
LBPC-A31-243S-BL/XL,H. POLO LONG BEACH M/C P/CABALLERO BLACK,SKU duplicado,Depurar duplicados,gArb6J8JHo7MbyR7,LONG BEACH CAMISETAS,743682034733
LBPC-A31-243S-CHRR/L,H. POLO LONG BEACH M/C P/CABALLERO CHERRY,SKU duplicado,Depurar duplicados,gArb6J8JHo7MbyR7,LONG BEACH CAMISETAS,743682034849
LBPC-A31-243S-WH/S,H. POLO LONG BEACH M/C P/CABALLERO WHITE,SKU duplicado,Depurar duplicados,gArb6J8JHo7MbyR7,LONG BEACH CAMISETAS,743682034740
LBPC-B31-101S-CHRR/S,H. POLO LONG BEACH M/C P/CABALLERO CHERRY,SKU duplicado,Depurar duplicados,gArb6J8JHo7MbyR7,LONG BEACH CAMISETAS,743682033705
LBPC-B31-101S-CHRR/XL,H. POLO LONG BEACH M/C P/CABALLERO CHERRY,SKU duplicado,Depurar duplicados,gArb6J8JHo7MbyR7,LONG BEACH CAMISETAS,743682033736
LBPC-A31-243S-CHRR/S,H. POLO LONG BEACH M/C P/CABALLERO CHERRY,SKU duplicado,Depurar duplicados,gArb6J8JHo7MbyR7,LONG BEACH CAMISETAS,743682034825
LBPC-A31-243S-LK/S,H. POLO LONG BEACH M/C P/CABALLERO LAKE,SKU duplicado,Depurar duplicados,gArb6J8JHo7MbyR7,LONG BEACH CAMISETAS,743682034863
LBPC-A31-243S-CHRR/M,H. POLO LONG BEACH M/C P/CABALLERO CHERRY,SKU duplicado,Depurar duplicados,gArb6J8JHo7MbyR7,LONG BEACH CAMISETAS,743682034832
CUWME029-112/XL,H. CAMISA P/H M/C BRILLIANT WHITE CUBAVERA,SKU duplicado,Depurar duplicados,gDGe7K3Zfm2yen2x,CUBAVERA CAMISAS,713610668590
CUWME029-112/S,H. CAMISA P/H M/C BRILLIANT WHITE CUBAVERA,SKU duplicado,Depurar duplicados,gDGe7K3Zfm2yen2x,CUBAVERA CAMISAS,713610668569
CV-L20-002BL-F/40,H. PANTALON CARVEN P/CABALLERO BLACK,SKU duplicado,Depurar duplicados,onPeEolPsWOnbp1v,CARVEN PANTALON VESTIR,7448336589517
CV-L20-002BL-F/36,H. PANTALON CARVEN P/CABALLERO BLACK,SKU duplicado,Depurar duplicados,onPeEolPsWOnbp1v,CARVEN PANTALON VESTIR,7448339025036
CV-L20-002BL-F/32,H. PANTALON CARVEN P/CABALLERO BLACK,SKU duplicado,Depurar duplicados,onPeEolPsWOnbp1v,CARVEN PANTALON VESTIR,7448342485421
CV-L20-002BL-F/30,H. PANTALON CARVEN P/CABALLERO BLACK,SKU duplicado,Depurar duplicados,onPeEolPsWOnbp1v,CARVEN PANTALON VESTIR,7448337432461
CUWSP002-112/M,H. CAMISA CUBAVERA M/C P/CABALLERO BRILLIANT WHITE,SKU duplicado,Depurar duplicados,gDGe7K3Zfm2yen2x,CUBAVERA CAMISAS,7448342471493
CUWME006-439/XL,H. CAMISA P/H M/C AQUA ESQUE CUBAVERA,SKU duplicado,Depurar duplicados,gDGe7K3Zfm2yen2x,CUBAVERA CAMISAS,713610667920
CUWME006-439/L,H. CAMISA P/H M/C AQUA ESQUE CUBAVERA,SKU duplicado,Depurar duplicados,gDGe7K3Zfm2yen2x,CUBAVERA CAMISAS,713610667913
C9HW0034-100D/XL,H. CAMISA CUBAVERA M/L LINO P/CABALLERO BRIGHT WHITE,SKU duplicado,Depurar duplicados,gDGe7K3Zfm2yen2x,CUBAVERA GUAYABERA,795570519679
C9HW0034-100D/S,H. CAMISA CUBAVERA M/L LINO P/CABALLERO BRIGHT WHITE,SKU duplicado,Depurar duplicados,gDGe7K3Zfm2yen2x,CUBAVERA GUAYABERA,795570519693
C9HW0034-100D/M,H. CAMISA CUBAVERA M/L LINO P/CABALLERO BRIGHT WHITE,SKU duplicado,Depurar duplicados,gDGe7K3Zfm2yen2x,CUBAVERA GUAYABERA,795570519648
C9HW0034-100D/L,H. CAMISA CUBAVERA M/L LINO P/CABALLERO BRIGHT WHITE,SKU duplicado,Depurar duplicados,gDGe7K3Zfm2yen2x,CUBAVERA GUAYABERA,795570519662
VE-DAFNE M/L,M. VESTIDO P/DAMA AZUL / BLANCO,SKU duplicado,Depurar duplicados,3RBe3DlqFmoxaLJr,,VE-DAFNE M/OL
VE-DAFNE M/M,M. VESTIDO P/DAMA AZUL / BLANCO,SKU duplicado,Depurar duplicados,3RBe3DlqFmoxaLJr,,VE-DAFNE M/OM
VE-DAFNE M/S,M. VESTIDO P/DAMA AZUL / BLANCO,SKU duplicado,Depurar duplicados,3RBe3DlqFmoxaLJr,,VE-DAFNE M/OS
VE-LIRATA/S,M. VESTIDO P/DAMA MAMEY,SKU duplicado,Depurar duplicados,3RBe3DlqFmoxaLJr,,VE-LIRATA/OS
VE-ABRIL LI/S,M. VESTIDO P/DAMA LINO BLANCO/VERDE,SKU duplicado,Depurar duplicados,3RBe3DlqFmoxaLJr,,VE-ABRIL LI/OS
VE-ABRIL LI/M,M. VESTIDO P/DAMA LINO BLANCO/VERDE,SKU duplicado,Depurar duplicados,3RBe3DlqFmoxaLJr,,VE-ABRIL LI/OM
VE-ABRIL LI/L,M. VESTIDO P/DAMA LINO BLANCO/VERDE,SKU duplicado,Depurar duplicados,3RBe3DlqFmoxaLJr,,VE-ABRIL LI/OL
VE-NATHALI/M,M. VESTIDO P/DAMA ROSA ESTAMPADO,SKU duplicado,Depurar duplicados,3RBe3DlqFmoxaLJr,,VE-NATHALI/OM
VE-NATHALI/S,M. VESTIDO P/DAMA ROSA ESTAMPADO,SKU duplicado,Depurar duplicados,3RBe3DlqFmoxaLJr,,VE-NATHALI/OS
VE-LENA/L,M. VESTIDO P/DAMA  LILA / BEIGE,SKU duplicado,Depurar duplicados,3RBe3DlqFmoxaLJr,,VE-LENA/OL
VE-LENA/M,M. VESTIDO P/DAMA  LILA / BEIGE,SKU duplicado,Depurar duplicados,3RBe3DlqFmoxaLJr,,VE-LENA/OM
VE-GENA M/L,M. VESTIDO P/DAMA ACEITUNA / BLANCO,SKU duplicado,Depurar duplicados,3RBe3DlqFmoxaLJr,,VE-GENA M/OL
VE-GENA M/M,M. VESTIDO P/DAMA ACEITUNA / BLANCO,SKU duplicado,Depurar duplicados,3RBe3DlqFmoxaLJr,,VE-GENA M/OM
VE-GENA M/S,M. VESTIDO P/DAMA ACEITUNA / BLANCO,SKU duplicado,Depurar duplicados,3RBe3DlqFmoxaLJr,,VE-GENA M/OS
BL-MALI/S,M. BLUSA P/DAMA FUCSIA / NEGRO,SKU duplicado,Depurar duplicados,RYWb40xjCJE6bZ1m,,BL-MALI/OS
T8529-WH/L,M. BLUSA P/DAMAS BLANCA,SKU duplicado,Depurar duplicados,RYWb40xjCJE6bZ1m,,T8529-WH/OL
FD8763-RO/S,M. VESTIDO P/DAMAS ESTAMPADO ROSA,SKU duplicado,Depurar duplicados,3RBe3DlqFmoxaLJr,,FD8763-RO/OS
FD8763-RO/M,M. VESTIDO P/DAMAS ESTAMPADO ROSA,SKU duplicado,Depurar duplicados,3RBe3DlqFmoxaLJr,,FD8763-RO/OM
SWT70072-WH/M,M. TOP P/DAMAS BLANCA ,SKU duplicado,Depurar duplicados,gArb63z8io7MdyR7,,SWT70072-WH/OM
R679-PR/L,M. PANTALON P/DAMAS PALO ROSA ,SKU duplicado,Depurar duplicados,grRbDnR8fBwMe6L2,,R679-PR/OL
SWT7000A-NA/L,M. TOP P/DAMAS NARANJA,SKU duplicado,Depurar duplicados,gArb63z8io7MdyR7,,SWT7000A-NA/OL
DBZ1-BL/S,M. TOP FLOR P/DAMA BLACK,SKU duplicado,Depurar duplicados,gArb63z8io7MdyR7,,DBZ1-BL/OS
DE107/L,M. ENTERIZO NEGRO,SKU duplicado,Depurar duplicados,Q9jaKpEDCqP9bk5K,,DE107/OL
DBZ1-FU/L,M. TOP FLOR P/DAMA FUCSIA,SKU duplicado,Depurar duplicados,gArb63z8io7MdyR7,,DBZ1-FU/OL
DBZ1-FU/M,M. TOP FLOR P/DAMA FUCSIA,SKU duplicado,Depurar duplicados,gArb63z8io7MdyR7,,DBZ1-FU/OM
CM0005MBU-16.5-S1,H. CAMISA P/S BRUNO CASSINI M. BLUE 32-33,SKU duplicado,Depurar duplicados,gDGe7K3Zfm2yen2x,CASSINI CAMISAS CABALLEROS,C005MBU231651
CM0005LBU-15.5-S2,H. CAMISA P/S BRUNO CASSINI LIGHT BLUE 34-35,SKU duplicado,Depurar duplicados,gDGe7K3Zfm2yen2x,CASSINI CAMISAS CABALLEROS,C005LBU231552
CM0005MBU-16.5-S2,H. CAMISA P/S BRUNO CASSINI M. BLUE 34-35,SKU duplicado,Depurar duplicados,gDGe7K3Zfm2yen2x,CASSINI CAMISAS CABALLEROS,C005MBU231652
CM0005PUR-16.5-S2,H. CAMISA P/S BRUNO CASSINI PURPLE 34-35,SKU duplicado,Depurar duplicados,gDGe7K3Zfm2yen2x,CASSINI CAMISAS CABALLEROS,C005PUR231652
CM0005PUR-16.5-S1,H. CAMISA P/S BRUNO CASSINI PURPLE 32-33,SKU duplicado,Depurar duplicados,gDGe7K3Zfm2yen2x,CASSINI CAMISAS CABALLEROS,C005PUR231651
CM0005PUR-16-S1,H. CAMISA P/S BRUNO CASSINI PURPLE 32-33,SKU duplicado,Depurar duplicados,gDGe7K3Zfm2yen2x,CASSINI CAMISAS CABALLEROS,C005PUR231601
CM0005PUR-16-S2,H. CAMISA P/S BRUNO CASSINI PURPLE 34-35,SKU duplicado,Depurar duplicados,gDGe7K3Zfm2yen2x,CASSINI CAMISAS CABALLEROS,C005PUR231602
CM0005MBU-17-S2,H. CAMISA P/S BRUNO CASSINI M. BLUE 34-35,SKU duplicado,Depurar duplicados,gDGe7K3Zfm2yen2x,CASSINI CAMISAS CABALLEROS,C005MBU231702
CM0005PUR-17-S1,H. CAMISA P/S BRUNO CASSINI PURPLE 32-33,SKU duplicado,Depurar duplicados,gDGe7K3Zfm2yen2x,CASSINI CAMISAS CABALLEROS,C005PUR231701
CM0005PUR-17-S2,H. CAMISA P/S BRUNO CASSINI PURPLE 34-35,SKU duplicado,Depurar duplicados,gDGe7K3Zfm2yen2x,CASSINI CAMISAS CABALLEROS,C005PUR231702
CM0005MBU-14.5-S1,H. CAMISA P/S BRUNO CASSINI M. BLUE 32-33,SKU duplicado,Depurar duplicados,gDGe7K3Zfm2yen2x,CASSINI CAMISAS CABALLEROS,C005MBU231451
A151-82-17.5-S2,H. CAMISA P/S BRUNO CASSINI BLACK 34-35,SKU duplicado,Depurar duplicados,gDGe7K3Zfm2yen2x,CASSINI CAMISAS CABALLEROS,A1518220231752
CM0042MBU-N/XL,H. CAMISA NORMAL SHIRT SKY BLUE BRUNO CASSINI,SKU duplicado,Depurar duplicados,gDGe7K3Zfm2yen2x,CASSINI CAMISAS CABALLEROS,C0042MBN231204
CM0042RYB-N/XXL,H. CAMISA NORMAL SHIRT BLUE BRUNO CASSINI,SKU duplicado,Depurar duplicados,gDGe7K3Zfm2yen2x,CASSINI CAMISAS CABALLEROS,C0042RYN231205
CM0042MBU-N/XXL,H. CAMISA NORMAL SHIRT SKY BLUE BRUNO CASSINI,SKU duplicado,Depurar duplicados,gDGe7K3Zfm2yen2x,CASSINI CAMISAS CABALLEROS,C0042MBN231205
CM0042RYB-N/S,H. CAMISA NORMAL SHIRT BLUE BRUNO CASSINI,SKU duplicado,Depurar duplicados,gDGe7K3Zfm2yen2x,CASSINI CAMISAS CABALLEROS,C0042RYN231201
CM0044LBU-N/L,H. CAMISA NORMAL SHIRT SKY BLUE BRUNO CASSINI,SKU duplicado,Depurar duplicados,gDGe7K3Zfm2yen2x,CASSINI CAMISAS CABALLEROS,C0044LBN231203
CM0044LBU-N/M,H. CAMISA NORMAL SHIRT SKY BLUE BRUNO CASSINI,SKU duplicado,Depurar duplicados,gDGe7K3Zfm2yen2x,CASSINI CAMISAS CABALLEROS,C0044LBN231202
CM0044LBU-N/S,H. CAMISA NORMAL SHIRT SKY BLUE BRUNO CASSINI,SKU duplicado,Depurar duplicados,gDGe7K3Zfm2yen2x,CASSINI CAMISAS CABALLEROS,C0044LBN231201
CM0042DBU-N/XXL,H. CAMISA NORMAL SHIRT BLUE BRUNO CASSINI,SKU duplicado,Depurar duplicados,gDGe7K3Zfm2yen2x,CASSINI CAMISAS CABALLEROS,C0042DBN231205
CM0042RYB-N/M,H. CAMISA NORMAL SHIRT BLUE BRUNO CASSINI,SKU duplicado,Depurar duplicados,gDGe7K3Zfm2yen2x,CASSINI CAMISAS CABALLEROS,C0042RYN231202
CM0042MBU-N/L,H. CAMISA NORMAL SHIRT SKY BLUE BRUNO CASSINI,SKU duplicado,Depurar duplicados,gDGe7K3Zfm2yen2x,CASSINI CAMISAS CABALLEROS,C0042MBN231203
CM0044MBU-N/XXL,H. CAMISA NORMAL SHIRT PURPLE BRUNO CASSINI,SKU duplicado,Depurar duplicados,gDGe7K3Zfm2yen2x,CASSINI CAMISAS CABALLEROS,C0044MBN231205
CM0044MBU-N/XL,H. CAMISA NORMAL SHIRT PURPLE BRUNO CASSINI,SKU duplicado,Depurar duplicados,gDGe7K3Zfm2yen2x,CASSINI CAMISAS CABALLEROS,C0044MBN231204
CM0044MBU-N/S,H. CAMISA NORMAL SHIRT PURPLE BRUNO CASSINI,SKU duplicado,Depurar duplicados,gDGe7K3Zfm2yen2x,CASSINI CAMISAS CABALLEROS,C0044MBN231201
CM0044MBU-N/M,H. CAMISA NORMAL SHIRT PURPLE BRUNO CASSINI,SKU duplicado,Depurar duplicados,gDGe7K3Zfm2yen2x,CASSINI CAMISAS CABALLEROS,C0044MBN231202
CM0044MBU-N/L,H. CAMISA NORMAL SHIRT PURPLE BRUNO CASSINI,SKU duplicado,Depurar duplicados,gDGe7K3Zfm2yen2x,CASSINI CAMISAS CABALLEROS,C0044MBN231203
CM0042RYB-N/XL,H. CAMISA NORMAL SHIRT BLUE BRUNO CASSINI,SKU duplicado,Depurar duplicados,gDGe7K3Zfm2yen2x,CASSINI CAMISAS CABALLEROS,C0042RYN231204
CM0044LBU-N/XXL,H. CAMISA NORMAL SHIRT SKY BLUE BRUNO CASSINI,SKU duplicado,Depurar duplicados,gDGe7K3Zfm2yen2x,CASSINI CAMISAS CABALLEROS,C0044LBN231205
CM0044LBU-N/XL,H. CAMISA NORMAL SHIRT SKY BLUE BRUNO CASSINI,SKU duplicado,Depurar duplicados,gDGe7K3Zfm2yen2x,CASSINI CAMISAS CABALLEROS,C0044LBN231204
CM0042RYB-N/L,H. CAMISA NORMAL SHIRT BLUE BRUNO CASSINI,SKU duplicado,Depurar duplicados,gDGe7K3Zfm2yen2x,CASSINI CAMISAS CABALLEROS,C0042RYN231203
2011-55-F/XXL,H. CAMISA LINO FRENCH SHIRT OLIVE BRUNO CASSINI,SKU duplicado,Depurar duplicados,gDGe7K3Zfm2yen2x,CASSINI CAMISAS CABALLEROS,201155F231205
CM0042DGR-F/M,H. CAMISA FRENCH SHIRT MINT BRUNO CASSINI,SKU duplicado,Depurar duplicados,gDGe7K3Zfm2yen2x,CASSINI CAMISAS CABALLEROS,C0042DGF231202
CM0044MBU-F/S,H. CAMISA FRENCH SHIRT PURPLE BRUNO CASSINI,SKU duplicado,Depurar duplicados,gDGe7K3Zfm2yen2x,CASSINI CAMISAS CABALLEROS,C0044MBF231201
CM0044LBU-F/L,H. CAMISA FRENCH SHIRT SKY BLUE BRUNO CASSINI,SKU duplicado,Depurar duplicados,gDGe7K3Zfm2yen2x,CASSINI CAMISAS CABALLEROS,C0044LBF231203
CM0044MBU-F/L,H. CAMISA FRENCH SHIRT PURPLE BRUNO CASSINI,SKU duplicado,Depurar duplicados,gDGe7K3Zfm2yen2x,CASSINI CAMISAS CABALLEROS,C0044MBF231203
CM0044LBU-F/XL,H. CAMISA FRENCH SHIRT SKY BLUE BRUNO CASSINI,SKU duplicado,Depurar duplicados,gDGe7K3Zfm2yen2x,CASSINI CAMISAS CABALLEROS,C0044LBF231204
CM0042RYB-F/XXL,H. CAMISA FRENCH SHIRT BLUE BRUNO CASSINI,SKU duplicado,Depurar duplicados,gDGe7K3Zfm2yen2x,CASSINI CAMISAS CABALLEROS,C0042RYF231205
CM0042DBU-F/XXL,H. CAMISA FRENCH SHIRT DK. BLUE BRUNO CASSINI,SKU duplicado,Depurar duplicados,gDGe7K3Zfm2yen2x,CASSINI CAMISAS CABALLEROS,C0042DBF231205
CM0044WHT-F/M,H. CAMISA FRENCH SHIRT WHITE BRUNO CASSINI,SKU duplicado,Depurar duplicados,gDGe7K3Zfm2yen2x,CASSINI CAMISAS CABALLEROS,C0044WHF231202
CM0042DBU-F/S,H. CAMISA FRENCH SHIRT DK. BLUE BRUNO CASSINI,SKU duplicado,Depurar duplicados,gDGe7K3Zfm2yen2x,CASSINI CAMISAS CABALLEROS,C0042DBF231201
CM0044WHT-F/S,H. CAMISA FRENCH SHIRT WHITE BRUNO CASSINI,SKU duplicado,Depurar duplicados,gDGe7K3Zfm2yen2x,CASSINI CAMISAS CABALLEROS,C0044WHF231201
CM0042MBU-F/S,H. CAMISA FRENCH SHIRT SKY BLUE BRUNO CASSINI,SKU duplicado,Depurar duplicados,gDGe7K3Zfm2yen2x,CASSINI CAMISAS CABALLEROS,C0042MBF231201
CM0042DBU-F/L,H. CAMISA FRENCH SHIRT DK. BLUE BRUNO CASSINI,SKU duplicado,Depurar duplicados,gDGe7K3Zfm2yen2x,CASSINI CAMISAS CABALLEROS,C0042DBF231203
CM0042DBU-F/M,H. CAMISA FRENCH SHIRT DK. BLUE BRUNO CASSINI,SKU duplicado,Depurar duplicados,gDGe7K3Zfm2yen2x,CASSINI CAMISAS CABALLEROS,C0042DBF231202
CM0042RYB-F/L,H. CAMISA FRENCH SHIRT BLUE BRUNO CASSINI,SKU duplicado,Depurar duplicados,gDGe7K3Zfm2yen2x,CASSINI CAMISAS CABALLEROS,C0042RYF231203
CM0042RYB-F/M,H. CAMISA FRENCH SHIRT BLUE BRUNO CASSINI,SKU duplicado,Depurar duplicados,gDGe7K3Zfm2yen2x,CASSINI CAMISAS CABALLEROS,C0042RYF231202
CM0042RYB-F/S,H. CAMISA FRENCH SHIRT BLUE BRUNO CASSINI,SKU duplicado,Depurar duplicados,gDGe7K3Zfm2yen2x,CASSINI CAMISAS CABALLEROS,C0042RYF231201
CM0042RYB-F/XL,H. CAMISA FRENCH SHIRT BLUE BRUNO CASSINI,SKU duplicado,Depurar duplicados,gDGe7K3Zfm2yen2x,CASSINI CAMISAS CABALLEROS,C0042RYF231204
ERN-SABAT-1259DC-15-S1,H. CAMISA D/P BRUNO CASSINI WHITE 32-33,SKU duplicado,Depurar duplicados,gDGe7K3Zfm2yen2x,CASSINI CAMISAS CABALLEROS,ERNSDC125915001
ERN-SABAT-1259DC-14.5-S1,H. CAMISA D/P BRUNO CASSINI WHITE 32-33,SKU duplicado,Depurar duplicados,gDGe7K3Zfm2yen2x,CASSINI CAMISAS CABALLEROS,ERNS125914501
ERN-SABAT-1259DC-15-S2,H. CAMISA D/P BRUNO CASSINI WHITE 34-35,SKU duplicado,Depurar duplicados,gDGe7K3Zfm2yen2x,CASSINI CAMISAS CABALLEROS,ERNSDC125915002
TL-B23-1103D.A/40,H. PANT. DE VESTIR TED LAPIDUS TAUPE,SKU duplicado,Depurar duplicados,onPeEolPsWOnbp1v,TED LAPIDUS PANTALON P/CABALLERO,7453040837786
TL-B23-1103D.A/38,H. PANT. DE VESTIR TED LAPIDUS TAUPE,SKU duplicado,Depurar duplicados,onPeEolPsWOnbp1v,TED LAPIDUS PANTALON P/CABALLERO,7453040837779
TL-X25-501A.A/32,H. BERMUDA P/HOMBRE TED LAPIDUS WHITE,SKU duplicado,Depurar duplicados,GEjb2BkltkW6bVNW,TED LAPIDUS BERMUDAS,7453040771196
TL-X25-501A.A/30,H. BERMUDA P/HOMBRE TED LAPIDUS WHITE,SKU duplicado,Depurar duplicados,GEjb2BkltkW6bVNW,TED LAPIDUS BERMUDAS,7453040771189
TL-Y23-104B.A/38,H. PANT. DE VESTIR TED LAPIDUS BLUE,SKU duplicado,Depurar duplicados,onPeEolPsWOnbp1v,TED LAPIDUS PANTALON P/CABALLERO,7453040767540
TL-Y23-104B.A/36,H. PANT. DE VESTIR TED LAPIDUS BLUE,SKU duplicado,Depurar duplicados,onPeEolPsWOnbp1v,TED LAPIDUS PANTALON P/CABALLERO,7453040767533
TL-Y23-104A.A/40,H. PANT. DE VESTIR TED LAPIDUS BLACK,SKU duplicado,Depurar duplicados,onPeEolPsWOnbp1v,TED LAPIDUS PANTALON P/CABALLERO,7453040767496
TL-Y23-104B.A/32,H. PANT. DE VESTIR TED LAPIDUS BLUE,SKU duplicado,Depurar duplicados,onPeEolPsWOnbp1v,TED LAPIDUS PANTALON P/CABALLERO,7453040767519
TL-Y23-104B.A/34,H. PANT. DE VESTIR TED LAPIDUS BLUE,SKU duplicado,Depurar duplicados,onPeEolPsWOnbp1v,TED LAPIDUS PANTALON P/CABALLERO,7453040767526
TL-Y23-104B.A/30,H. PANT. DE VESTIR TED LAPIDUS BLUE,SKU duplicado,Depurar duplicados,onPeEolPsWOnbp1v,TED LAPIDUS PANTALON P/CABALLERO,7453040767502
TL-X25-501F.A/40,H. BERMUDA P/HOMBRE TED LAPIDUS LT. BLUE,SKU duplicado,Depurar duplicados,GEjb2BkltkW6bVNW,TED LAPIDUS BERMUDAS,7453040771738
TL-X25-501F.A/38,H. BERMUDA P/HOMBRE TED LAPIDUS LT. BLUE,SKU duplicado,Depurar duplicados,GEjb2BkltkW6bVNW,TED LAPIDUS BERMUDAS,7453040771721
TL-X25-501F.A/34,H. BERMUDA P/HOMBRE TED LAPIDUS LT. BLUE,SKU duplicado,Depurar duplicados,GEjb2BkltkW6bVNW,TED LAPIDUS BERMUDAS,7453040771707
TL-X25-501F.A/36,H. BERMUDA P/HOMBRE TED LAPIDUS LT. BLUE,SKU duplicado,Depurar duplicados,GEjb2BkltkW6bVNW,TED LAPIDUS BERMUDAS,7453040771714
TL-Y23-104A.A/32,H. PANT. DE VESTIR TED LAPIDUS BLACK,SKU duplicado,Depurar duplicados,onPeEolPsWOnbp1v,TED LAPIDUS PANTALON P/CABALLERO,7453040767458
TL-Y23-104A.A/36,H. PANT. DE VESTIR TED LAPIDUS BLACK,SKU duplicado,Depurar duplicados,onPeEolPsWOnbp1v,TED LAPIDUS PANTALON P/CABALLERO,7453040767472
TL-Y23-104A.A/34,H. PANT. DE VESTIR TED LAPIDUS BLACK,SKU duplicado,Depurar duplicados,onPeEolPsWOnbp1v,TED LAPIDUS PANTALON P/CABALLERO,7453040767465
TL-Y23-104B.A/40,H. PANT. DE VESTIR TED LAPIDUS BLUE,SKU duplicado,Depurar duplicados,onPeEolPsWOnbp1v,TED LAPIDUS PANTALON P/CABALLERO,7453040767557
CB-H20-005NV/30,H. PANTALON P/HOMBRE CUBAVERA BLUE PRINT,SKU duplicado,Depurar duplicados,onPeEolPsWOnbp1v,CUBAVERA PANTALON /CABALLERO,7448338831812
CB-SP21-003BW/M,H. PANTALON P/HOMBRE CUBAVERA BRIGHT WHITE,SKU duplicado,Depurar duplicados,onPeEolPsWOnbp1v,CUBAVERA PANTALON /CABALLERO,7448331384339
CB-SP21-003BW/S,H. PANTALON P/HOMBRE CUBAVERA BRIGHT WHITE,SKU duplicado,Depurar duplicados,onPeEolPsWOnbp1v,CUBAVERA PANTALON /CABALLERO,7448332247299
CB-SP21-003BW/L,H. PANTALON P/HOMBRE CUBAVERA BRIGHT WHITE,SKU duplicado,Depurar duplicados,onPeEolPsWOnbp1v,CUBAVERA PANTALON /CABALLERO,7448335314387
CUWSD012-112/XL,H. CAMISA M/C CUBAVERA BRILLIANT WHITE,SKU duplicado,Depurar duplicados,gDGe7K3Zfm2yen2x,CUBAVERA CAMISAS,051054297908
LBPC-B04-102S-LC/XL,H. CAMISA M/C LONG BEACH LILAC,SKU duplicado,Depurar duplicados,gDGe7K3Zfm2yen2x,LONG BEACH CAMISAS,7448333651613
CUWSD077-477/L,H. CAMISA M/C CUBAVERA PARISIAN BLUE,SKU duplicado,Depurar duplicados,gDGe7K3Zfm2yen2x,CUBAVERA CAMISAS,401065384270
CUWSD077-477/M,H. CAMISA M/C CUBAVERA PARISIAN BLUE,SKU duplicado,Depurar duplicados,gDGe7K3Zfm2yen2x,CUBAVERA CAMISAS,401065384300
CUWSD077-477/S,H. CAMISA M/C CUBAVERA PARISIAN BLUE,SKU duplicado,Depurar duplicados,gDGe7K3Zfm2yen2x,CUBAVERA CAMISAS,401065384362
CUWSD077-477/XL,H. CAMISA M/C CUBAVERA PARISIAN BLUE,SKU duplicado,Depurar duplicados,gDGe7K3Zfm2yen2x,CUBAVERA CAMISAS,401065383532
MF3870/25-7.5,H. CORBATA P/CABALLERO CASSINI LIME GREEN,SKU duplicado,Depurar duplicados,mloej4RpSjDAbQMG,CASSINI CORBATAS 7.5 CM,MF3870202325705
MF3870/34-7,H. CORBATA P/CABALLERO CASSINI MUSTARD,SKU duplicado,Depurar duplicados,mloej4RpSjDAbQMG,CASSINI CORBATAS 7 CM,MF3870202334701
MF3870/24-7,H. CORBATA P/CABALLERO CASSINI MINT,SKU duplicado,Depurar duplicados,mloej4RpSjDAbQMG,CASSINI CORBATAS 7 CM,MF3870202324701
MF3870/24-7.5,H. CORBATA P/CABALLERO CASSINI MINT,SKU duplicado,Depurar duplicados,mloej4RpSjDAbQMG,CASSINI CORBATAS 7.5 CM,MF3870202324705
MF3870/34-7.5,H. CORBATA P/CABALLERO CASSINI MUSTARD,SKU duplicado,Depurar duplicados,mloej4RpSjDAbQMG,CASSINI CORBATAS 7.5 CM,MF3870202334705
MF3870/29-7,H. CORBATA P/CABALLERO CASSINI YELLOW,SKU duplicado,Depurar duplicados,mloej4RpSjDAbQMG,CASSINI CORBATAS 7 CM,MF3870202329701
MF3870/40-7.5,H. CORBATA P/CABALLERO CASSINI CAMEL,SKU duplicado,Depurar duplicados,mloej4RpSjDAbQMG,CASSINI CORBATAS 7.5 CM,MF3870202340705
MF3870/1-7.5,H. CORBATA P/CABALLERO CASSINI RED,SKU duplicado,Depurar duplicados,mloej4RpSjDAbQMG,CASSINI CORBATAS 7.5 CM,MF3870202301705
MF3870/65-7.5,H. CORBATA P/CABALLERO CASSINI WHITE BONE,SKU duplicado,Depurar duplicados,mloej4RpSjDAbQMG,CASSINI CORBATAS 7.5 CM,MF3870202365705
MF3870/12-7,H. CORBATA P/CABALLERO CASSINI PINK,SKU duplicado,Depurar duplicados,mloej4RpSjDAbQMG,CASSINI CORBATAS 7 CM,MF3870202312701
MF3870/11-7.5,H. CORBATA P/CABALLERO CASSINI PURPLE,SKU duplicado,Depurar duplicados,mloej4RpSjDAbQMG,CASSINI CORBATAS 7.5 CM,MF3870202311705
MF3870/45-7.5,H. CORBATA P/CABALLERO CASSINI MID BLUE,SKU duplicado,Depurar duplicados,mloej4RpSjDAbQMG,CASSINI CORBATAS 7.5 CM,MF3870202345705
MF3870/7-7,H. CORBATA P/CABALLERO CASSINI WINE,SKU duplicado,Depurar duplicados,mloej4RpSjDAbQMG,CASSINI CORBATAS 7 CM,MF3870202307701
MF3870/23-7,H. CORBATA P/CABALLERO CASSINI BEIGE,SKU duplicado,Depurar duplicados,mloej4RpSjDAbQMG,CASSINI CORBATAS 7 CM,MF3870202323701
MF3870/29-7.5,H. CORBATA P/CABALLERO CASSINI YELLOW,SKU duplicado,Depurar duplicados,mloej4RpSjDAbQMG,CASSINI CORBATAS 7.5 CM,MF3870202329705
MF3870/35-7,H. CORBATA P/CABALLERO CASSINI LIGHT BLUE,SKU duplicado,Depurar duplicados,mloej4RpSjDAbQMG,CASSINI CORBATAS 7 CM,MF3870202335701
MF3870/5-7.5,H. CORBATA P/CABALLERO CASSINI RED,SKU duplicado,Depurar duplicados,mloej4RpSjDAbQMG,CASSINI CORBATAS 7.5 CM,MF3870202305705
S299/642-7.5,H. CORBATA P/CABALLERO CASSINI CERULEAN,SKU duplicado,Depurar duplicados,mloej4RpSjDAbQMG,CASSINI CORBATAS 7.5 CM,S29920230642705
S299/647-7.5,H. CORBATA P/CABALLERO CASSINI RED,SKU duplicado,Depurar duplicados,mloej4RpSjDAbQMG,CASSINI CORBATAS 7.5 CM,S29920230647705
MF-10845/621-7.5,H. CORBATA P/CABALLERO CASSINI PINK,SKU duplicado,Depurar duplicados,mloej4RpSjDAbQMG,CASSINI CORBATAS 7.5 CM,MF1084523621705
MF-10845/638-7,H. CORBATA P/CABALLERO CASSINI WINE,SKU duplicado,Depurar duplicados,mloej4RpSjDAbQMG,CASSINI CORBATAS 7 CM,MF1084523638701
CART-FENDY,CARTERA FENDY,SKU duplicado,Depurar duplicados,4pzb8L2VUjWQbEwN,,CART-FENDY
OPKSB005-786/S,H. POLO P/HOMBRE M/C PENGUIN GREEN SHEEN,SKU duplicado,Depurar duplicados,gArb6J8JHo7MbyR7,PENGUIN CAMISETAS,799016206338
OPKSB005-786/M,H. POLO P/HOMBRE M/C PENGUIN GREEN SHEEN,SKU duplicado,Depurar duplicados,gArb6J8JHo7MbyR7,PENGUIN CAMISETAS,799016206321
OPKSB005-786/L,H. POLO P/HOMBRE M/C PENGUIN GREEN SHEEN,SKU duplicado,Depurar duplicados,gArb6J8JHo7MbyR7,PENGUIN CAMISETAS,799016206314
CUWSD016-555/S,H. CAMISA M/C CUBAVERA RED VIOLET,SKU duplicado,Depurar duplicados,gDGe7K3Zfm2yen2x,CUBAVERA CAMISAS,051054298073
CUWSD016-555/XL,H. CAMISA M/C CUBAVERA RED VIOLET,SKU duplicado,Depurar duplicados,gDGe7K3Zfm2yen2x,CUBAVERA CAMISAS,051054298103
CUWSD016-555/M,H. CAMISA M/C CUBAVERA RED VIOLET,SKU duplicado,Depurar duplicados,gDGe7K3Zfm2yen2x,CUBAVERA CAMISAS,051054298080
CUWSD016-555/L,H. CAMISA M/C CUBAVERA RED VIOLET,SKU duplicado,Depurar duplicados,gDGe7K3Zfm2yen2x,CUBAVERA CAMISAS,051054298097
TL-20-500A/32,H. PANTALON P/CABALLERO BLACK TED LAPIDUS,SKU duplicado,Depurar duplicados,onPeEolPsWOnbp1v,TED LAPIDUS PANTALON P/CABALLERO,7453040743605
BL-ST1990,BLUSA LUCKY BRAND,Código de barras duplicado,Depurar barcode,RYWb40xjCJE6bZ1m,,072610239
